seg_id,time_to_failure
seg_00030f,3.8006862343203536
seg_0012b5,5.619284813167717
seg_00184e,5.556838977512417
seg_003339,8.781503753943735
seg_0042cc,6.911305575114133
seg_004314,2.1676180925105917
seg_004cd2,7.565270528642083
seg_004ee5,5.207934616393721
seg_004f1f,4.50200795024258
seg_00648a,2.884896670092985
seg_006e4a,2.844036510651706
seg_007a37,4.905230988215146
seg_00a37e,4.6043033696140405
seg_00be11,2.9089325510398565
seg_00c35b,8.22256769656705
seg_00cc91,4.735801008620233
seg_00e5f7,6.817020513922385
seg_00f3b9,4.485637692907546
seg_010eab,7.460479968674386
seg_0125d9,5.344836688025736
seg_0144cb,5.317455645276541
seg_0165c6,8.84121907746705
seg_016913,4.456872196542283
seg_016cdb,4.522230979855984
seg_017314,7.180174214334326
seg_01a8dc,4.99025269581907
seg_01c775,8.345348979549007
seg_01ecb0,4.725083623703802
seg_02042f,2.6770335760851593
seg_025e78,5.725077072639
seg_032822,4.464422051255869
seg_0339ca,5.184336577302385
seg_037461,4.759538116281925
seg_038879,8.110147209399766
seg_03d386,2.582806505656432
seg_03d63e,4.312146683803517
seg_03d680,8.790415043637719
seg_03f380,4.176889431085817
seg_0445d7,5.736839636435314
seg_046c28,2.832846531984843
seg_0488a1,7.84992059755498
seg_049957,10.084388402496264
seg_04a696,8.224888135627856
seg_04ae38,5.025264926610736
seg_04b87a,8.408443019241028
seg_04cceb,7.242012048359778
seg_04ee93,7.871471227145316
seg_04fd93,7.147248374585961
seg_0536c9,4.2216136780263405
seg_055127,6.414975568454798
seg_05a1b0,4.262638249705775
seg_05a4ad,7.370685853303968
seg_05b66a,10.206648533456034
seg_05bef4,2.9544215471499142
seg_05e0d7,4.287967967272267
seg_05f126,8.428308953725368
seg_05f9d6,7.425100654953364
seg_060ce4,2.8603973865935926
seg_061a33,7.585267866368163
seg_0620e6,7.340084175814544
seg_063865,6.472415521894407
seg_065588,3.8632516065846865
seg_06893f,2.7005552396256154
seg_06b8c9,6.0059976055893625
seg_06bbc5,3.348913461867535
seg_06d4a2,4.054371494268874
seg_06d7ba,3.4105497476306743
seg_070bb0,2.2400564977894293
seg_071067,3.3450150117468445
seg_073696,9.384109421205014
seg_075340,4.36433510871383
seg_075f77,3.0000484445679203
seg_0775a7,4.656039809403566
seg_077b7e,5.4492099144177635
seg_079e34,4.989507799473623
seg_07c815,4.527915440599545
seg_07cd72,5.261373102820491
seg_07f37c,3.382094864480526
seg_07f8df,4.5903714552943065
seg_07fc6d,8.40264965705676
seg_086a61,10.039628896485219
seg_0870ab,4.861386227691178
seg_0879a8,8.266158571056028
seg_08b136,8.193864476700606
seg_08f441,4.6244102878562705
seg_08fd5b,5.56378390568037
seg_091c9d,9.121194304216097
seg_093a0a,7.627437834628711
seg_0968f1,7.583248307436351
seg_0981f3,2.6324008098134604
seg_09dd59,7.455828059477442
seg_09ed4e,10.125238030800407
seg_09f0ff,4.521622799926233
seg_0a0fbb,10.343497029521703
seg_0a1bd0,5.725657265620381
seg_0a42ba,9.500560922415538
seg_0a45a1,4.5576066807317215
seg_0a97c4,5.454674119292218
seg_0aa0fb,7.430011182613386
seg_0b07c7,6.427355085617452
seg_0b082e,9.759022170003437
seg_0b32f7,3.887746746784358
seg_0b3b94,6.2104047600159085
seg_0b48c4,3.7018652395650897
seg_0b4b24,4.8068028632955535
seg_0b54ac,3.7855114678570985
seg_0b76f5,9.790498355735732
seg_0b9ad8,8.698198942163
seg_0b9ba3,9.926988385338792
seg_0ba210,10.73118317952368
seg_0ba585,4.576854494437401
seg_0bb5fd,4.216731749282456
seg_0bc877,3.0059430921349906
seg_0be6ee,3.0073708087388686
seg_0c12cc,8.26495916849557
seg_0c1d3a,4.111991344913385
seg_0c247b,7.23331791835596
seg_0c3943,3.3983957883367473
seg_0c4e31,2.1232465318026894
seg_0c74cf,4.440360922639968
seg_0c8502,10.332345936238811
seg_0c89ce,6.909722615910181
seg_0c9aa8,10.085049251939232
seg_0cb81b,2.989398549468313
seg_0cca14,4.874467846243954
seg_0cdcc8,2.323502451689429
seg_0cf651,2.660628355333005
seg_0d0250,3.462366706365459
seg_0d04b9,5.3618102470446
seg_0d13a7,4.18444838893801
seg_0d434c,10.803466024053858
seg_0d540e,3.208561702233837
seg_0d663a,7.852005171792634
seg_0d6d68,5.46850423559511
seg_0d762e,7.114850538704228
seg_0d833c,7.276981274209698
seg_0dae4b,3.453034112577906
seg_0dc38f,2.1232465318026894
seg_0dcc40,6.7843278752368885
seg_0df469,4.218912264202102
seg_0df75c,10.549262048590975
seg_0dfe8c,4.568524088407642
seg_0e1370,2.1859074479806315
seg_0e1fbe,4.9393573990292285
seg_0e3739,5.131088083952951
seg_0e3d44,2.886366549749332
seg_0e3ed2,2.4257337281851132
seg_0e4833,10.4982956841063
seg_0e7cc5,7.0485850752228245
seg_0e8b79,10.109774355581653
seg_0e9987,4.707880882998124
seg_0e9bb3,6.415452223161705
seg_0eb333,2.233166694492688
seg_0ebfd9,6.626778736696545
seg_0f565c,4.432836977988744
seg_0f74a3,7.038927238819471
seg_0f8961,10.716277220921736
seg_0fc67a,9.958738244128469
seg_0fca83,4.711983177463029
seg_0fd3ff,2.604408076040302
seg_1010ad,8.267885766206303
seg_103b32,4.177116438727233
seg_105cd9,4.249714077728811
seg_1084af,6.649869531559598
seg_10a595,5.677692564591615
seg_10c09d,9.078533073460992
seg_10f3a6,4.026961024178306
seg_112b81,6.561892466824617
seg_1144bc,10.54661692157381
seg_114b79,4.845986070100577
seg_115617,3.1601550010351103
seg_115a92,4.683927660350237
seg_11647f,4.374567097627496
seg_117278,5.234235933801425
seg_117ff4,4.951097223453313
seg_11860f,5.731405854772468
seg_1201e8,4.5912699784220665
seg_121446,8.032617298435826
seg_121cba,4.35881555791255
seg_122ba9,4.37801510499367
seg_123dd4,7.9723682734782555
seg_12ac20,10.447695500197973
seg_12b9ba,7.18885355010399
seg_12ee6e,3.794228973728637
seg_130e17,2.7256098417862895
seg_13468a,5.001005366759988
seg_136285,6.02545375700865
seg_136695,7.711319578055938
seg_137f8a,7.743677555438839
seg_138807,5.125002766194292
seg_13c2f0,4.716313541693743
seg_13e25f,7.484115198529632
seg_140bc5,3.1709073698243886
seg_141f34,10.236587198112122
seg_146926,10.419366859556591
seg_148698,8.52974943519408
seg_14ad27,2.360525710790122
seg_14c054,8.493566937354377
seg_14c371,7.795274177510284
seg_14c435,4.332762236692975
seg_14c89d,5.800602815254106
seg_14c8ce,7.79447032064342
seg_14d1d3,5.056312537997476
seg_14f5f0,8.24230791215557
seg_151368,7.651922616187813
seg_151d92,2.8719050120139076
seg_153d6a,9.938800776864296
seg_154361,8.037472064136647
seg_1562cb,10.71909508932526
seg_158691,4.011439775825812
seg_158764,6.9782352011774735
seg_15adff,4.460837973025386
seg_15bf25,8.017670299708854
seg_15c9f9,2.6487730841253785
seg_161aeb,8.319573847134215
seg_161f5f,3.308561514238493
seg_162fc4,7.6182022596182195
seg_16566c,5.004629494251956
seg_166f70,10.71909508932526
seg_168d1c,7.364870547446502
seg_16a270,7.436531160615425
seg_16c3a7,4.639194030448061
seg_17067e,4.487221540843823
seg_170684,8.321351950654634
seg_170a0c,9.761843149390698
seg_176542,7.6082454133995325
seg_17799c,7.94828200941968
seg_179d90,8.038951500939175
seg_17adc0,5.255989904540452
seg_17d1ff,4.546167736696869
seg_17e596,7.816736385508894
seg_180481,6.06622523825906
seg_18096a,7.335465608770603
seg_1815fe,9.032756236390291
seg_1827c5,10.641673079934861
seg_184222,5.0794902777707645
seg_185ad6,8.694553186798492
seg_18d1d0,3.9770744818333315
seg_18d307,2.1232465318026894
seg_18f633,2.5116350998927386
seg_18f853,4.9868206600112135
seg_18fb65,3.5762720871257927
seg_193404,10.058750440701635
seg_19515c,6.522462283460849
seg_195eda,5.191006198835486
seg_1969c8,7.952023827460101
seg_19b08e,4.63018351050396
seg_19b9dd,7.19879019249421
seg_19e1ff,7.162172731082036
seg_19ec5c,10.21982295283842
seg_1a0e94,9.941493742757341
seg_1a0eca,6.3609496887629975
seg_1a671a,4.392799896581268
seg_1a791c,5.060347216308539
seg_1a8e06,2.8990960714938785
seg_1a8f0d,3.996934082601643
seg_1a8f2c,8.362530196827745
seg_1abcaf,2.9282445724910504
seg_1ac9e2,4.525163593172885
seg_1ae362,7.792802848711186
seg_1afa29,3.109196480796812
seg_1b08a4,5.944443452754069
seg_1b1ad8,4.973842690185071
seg_1b2298,7.92899664286647
seg_1b78af,4.752355740989634
seg_1baf33,4.104352768047878
seg_1bd38e,8.293997571198771
seg_1bf7b3,3.8161532383526784
seg_1c401b,7.657217051136665
seg_1c4c5b,5.478351261790147
seg_1c4e72,5.56390058143756
seg_1c849d,5.5324512486246675
seg_1c904f,3.0064999841163424
seg_1c929e,4.5691487746040345
seg_1cb942,10.455792094067865
seg_1cd352,5.364811067522614
seg_1cf1b5,4.639823830004417
seg_1d044c,3.979836309723884
seg_1d11e5,4.290927599538934
seg_1d596d,4.373105264924037
seg_1d980f,4.105248062077111
seg_1da819,4.662471939083868
seg_1db443,7.445774522928123
seg_1db8e8,10.974765284847035
seg_1dec9c,10.641346320051628
seg_1e0523,3.19612579831885
seg_1e0b82,8.928561659137305
seg_1e572b,7.919799624792752
seg_1e617a,4.466993729436732
seg_1e61d6,2.6537003601488847
seg_1e677e,4.895091694955475
seg_1eae76,5.146004118140517
seg_1ebe6b,3.5295764123224997
seg_1ece48,4.666050112917333
seg_1eeb8f,3.806656689792957
seg_1ef708,2.9130493211556687
seg_1f1e60,9.1771330533666
seg_1f3d44,6.785025591121145
seg_1f3ede,4.443974308798155
seg_1f5240,3.6986231406861925
seg_1f7cf8,3.2043881810400316
seg_1f9aed,6.010652987409153
seg_1fa983,3.2093316182474125
seg_1fc7ab,6.6570211056214585
seg_1fe311,10.168567263836366
seg_2005a7,5.886005463272628
seg_2018c8,10.399541565175499
seg_204dc6,3.0128975260951227
seg_208ba5,3.6434004093328687
seg_2099f4,6.536908043523883
seg_20a990,4.2391829811405435
seg_20b8d0,5.803263022568464
seg_20cbac,4.586815363966504
seg_20cc25,2.0040086814466456
seg_20d9de,10.000260691432524
seg_20e9ad,4.9736969596903355
seg_210388,6.0039786082628535
seg_211299,7.01122062150621
seg_211486,9.339608826014494
seg_214492,4.898668183503714
seg_217eed,3.4675427135876626
seg_218049,4.465429340585597
seg_21eebb,5.275901602249512
seg_21faa9,10.931269124666068
seg_222c5f,2.9326102666426066
seg_225320,10.352622764381985
seg_226e60,8.328356899861138
seg_229eda,7.220779004462732
seg_22e509,4.588663897808459
seg_2313d1,4.830635595679586
seg_232559,8.95438830630658
seg_23323e,3.4971081723735105
seg_2367fb,8.516555671578622
seg_238242,7.934503201501464
seg_2383c2,6.530954357659707
seg_2396a2,2.88689152466266
seg_23b123,11.444951603808976
seg_23bdf9,6.757399632701386
seg_23c947,2.3130443229676816
seg_23efb0,5.615120886052276
seg_23f823,4.302349332457721
seg_23fe27,8.318947096644326
seg_241266,4.512131996751489
seg_24157a,6.917642934797357
seg_24458d,5.826223404825939
seg_2465ce,6.461082810666463
seg_247262,5.288386534342035
seg_24ba8d,4.770247776884746
seg_24c078,7.544924478341744
seg_24c1c9,4.3388198074354545
seg_24e071,4.274761944068012
seg_24f338,3.4522331653747216
seg_257b8a,7.2270626156322475
seg_2597af,5.031618264482967
seg_259c63,4.635386073536614
seg_259d65,4.5445242591753106
seg_259dd3,9.469696922677448
seg_25aa9f,10.6241984974348
seg_25ab3f,4.123792729436572
seg_25b38a,7.808913778935883
seg_25c8dc,7.5305901336947985
seg_25cca7,8.364075450386634
seg_25e76d,2.921222844443437
seg_26049e,8.293136934559799
seg_263deb,4.704320225571509
seg_263fb3,2.6716491694457973
seg_2642d0,4.180424684356247
seg_2642d4,6.487685385964648
seg_264c7d,8.060854400515588
seg_266805,4.3283728161146495
seg_266c6e,5.282895043358825
seg_266d4e,5.297701235579904
seg_268249,6.952243814455278
seg_268625,4.059470644499013
seg_268956,4.994857777749629
seg_26a2a0,1.8688966411207049
seg_26cba3,4.6626974203979215
seg_26edaa,9.01216929480645
seg_2700bd,4.441226441539998
seg_272a47,1.9920178368277976
seg_274a1a,5.96710426390794
seg_2774c4,10.473900494678341
seg_279725,10.111408581824925
seg_27a282,4.931140135617217
seg_27b7c8,8.560195989612293
seg_27db4d,8.003233609612971
seg_27de37,7.391069978422152
seg_27f532,9.74115428935507
seg_27ff17,5.000713242561508
seg_280863,4.471337222968658
seg_280e3b,4.331125296083703
seg_284223,6.80476075807869
seg_284923,10.249175367101554
seg_287e60,3.203633927877857
seg_287fef,3.020170171126624
seg_288001,4.621061094642033
seg_2883ec,8.323429387692833
seg_289d99,2.214928953941405
seg_28fc32,7.049576443779793
seg_29022f,3.69152307372399
seg_2916e3,8.191184718705305
seg_293dbf,4.319719688306465
seg_293dc2,3.026653082525251
seg_29475f,3.9222273222175197
seg_295b1c,8.733042210661313
seg_2977cd,5.370824997999186
seg_29a073,5.503366840520071
seg_29acb7,4.736904196938676
seg_29c772,6.266749829454678
seg_29c906,4.7607056162615695
seg_29d497,5.611957752574331
seg_29d4c6,10.760960066430505
seg_29e799,5.85655297814001
seg_2a0ace,9.888726916321144
seg_2a0afc,5.383049810840533
seg_2a0dc0,8.00058007559759
seg_2a2f1e,6.851465577229128
seg_2a4551,7.578336492265675
seg_2a6343,7.871265788156282
seg_2a8351,2.627400727367136
seg_2aa101,3.3639749708594557
seg_2abd33,4.184950038622635
seg_2b2cb3,6.949182562334779
seg_2b372b,4.137463172637448
seg_2b4959,5.600586445624696
seg_2b6d52,8.476740496990482
seg_2ba79a,2.297902234922179
seg_2bcbde,9.765941807913162
seg_2be983,9.941112277408497
seg_2bf5be,9.496787626984517
seg_2bf9dd,8.222222239191343
seg_2c3203,3.037975947846898
seg_2c5e9f,7.211537197560618
seg_2c6011,4.658407342893573
seg_2c69e4,8.440680341467559
seg_2c762c,6.611272293283378
seg_2cac57,11.32917521055706
seg_2cadc0,6.954711917057175
seg_2cdbe3,4.981036857853077
seg_2d3828,5.472330594104523
seg_2d402d,2.494994526911527
seg_2d427f,2.339618033646623
seg_2d5544,4.597155070875227
seg_2d7cc4,4.486132377037459
seg_2d92f0,10.40242553862395
seg_2db7dc,5.562129343208124
seg_2dc6ff,2.0717979555301698
seg_2dccec,4.3199038225790485
seg_2dcd3a,4.029902454292522
seg_2dcd84,7.840532753139546
seg_2dfb91,3.897260992526062
seg_2e2372,7.408925215706724
seg_2e50fb,4.562215326678856
seg_2e64af,4.795801302436286
seg_2e71dd,2.6487800193838904
seg_2e88dd,6.9844059997149115
seg_2e917f,5.487089044769346
seg_2e9a47,7.119815903611266
seg_2ea616,3.979561074470027
seg_2eccb9,3.243956366703459
seg_2ece02,4.553081317855268
seg_2ed79b,4.659244241964143
seg_2eddf6,8.596732524926349
seg_2ee95c,10.157066910624268
seg_2efd5c,8.476609861271971
seg_2f1664,7.7305757822478
seg_2f4f14,3.91798067540545
seg_2f5695,5.067523345820726
seg_2f60db,9.279645491684569
seg_2f86cd,2.0343100578991233
seg_2f8e19,7.274602538743795
seg_2f8f6d,8.70475092354374
seg_2f9336,6.604582246936564
seg_2f9581,4.656257229037857
seg_2fb672,9.380679341915725
seg_2fe382,4.3311972365962585
seg_301c1e,7.01190214976298
seg_30207d,9.641456206292661
seg_304581,5.390997712757293
seg_304b87,4.67999284364626
seg_304df5,8.47521519296093
seg_30501b,10.507435600851023
seg_3065ba,4.453705276893731
seg_30661b,4.208022076960206
seg_306756,7.795175806041554
seg_30ad2a,2.206979311826788
seg_30b043,2.9659465119521187
seg_30da11,4.663543679219094
seg_30fd84,9.651020752925792
seg_310230,3.6128663487128727
seg_31064b,2.604832652107219
seg_311499,3.2161232997782876
seg_311b5e,2.6699357575078047
seg_3128e6,5.51257575687596
seg_3151ff,6.077629710169755
seg_31631c,7.10581744623974
seg_316f86,5.157174298533579
seg_318135,2.4457266176428947
seg_31a51f,4.4636101209296015
seg_31a6cd,3.657420831378012
seg_31b808,6.925866451601223
seg_31c0f4,10.436575781511465
seg_31d763,5.534740063790656
seg_31d7bf,2.397532730260464
seg_31d810,7.309091845779589
seg_31ddc5,7.8804628418067395
seg_3234ca,4.128710727776217
seg_324447,7.321298729952251
seg_324537,5.231405484365689
seg_325790,4.957395259275905
seg_326eb7,4.58323643012764
seg_327ed4,4.2562659706028
seg_32906d,2.8006079208458186
seg_32ad0f,9.916395467852933
seg_32c904,8.348202313424476
seg_32d747,4.709562035992221
seg_32e763,4.5587765344566895
seg_32f3a9,6.1836506819116295
seg_32f6df,5.381659360175153
seg_32f72d,5.766951761087932
seg_32fc4e,10.129738499774213
seg_330579,4.698308792944274
seg_3319b5,9.18440692647727
seg_331f2b,10.32280441750025
seg_3340b9,5.6127906906228135
seg_335170,2.180032430117564
seg_337b8c,4.7178243587099
seg_339f80,7.008897613990889
seg_33c30d,3.0301924380342853
seg_342ce6,8.495662673255676
seg_343571,7.8778707611199845
seg_3452b2,4.755653100910838
seg_34a2b8,5.4686776415997915
seg_34a8f7,10.633654307740255
seg_34abd2,2.2405291707086548
seg_34ef79,5.630086281448031
seg_3506d6,4.1718852278504786
seg_35269b,9.703942827408644
seg_355717,3.0390763212450778
seg_355d19,9.315084996991892
seg_35a2d7,10.197057731927222
seg_35b009,4.58651287151346
seg_35b753,5.574647801498357
seg_35ba8f,9.264360037825156
seg_35c587,5.784561622897655
seg_35dd45,10.206022228841684
seg_35ee83,4.944449076193316
seg_36147d,4.671472902930128
seg_361f5a,10.99059509319381
seg_3631ec,4.09218332238105
seg_3661de,10.236647521008004
seg_369570,5.822712154049951
seg_36b77f,9.881042740568386
seg_36e32d,10.211518600619943
seg_3706be,7.696384362342847
seg_373a04,7.312703696666633
seg_373ba6,4.850388987025588
seg_37608b,4.948252654266165
seg_3761d0,3.2832056108508754
seg_37669c,3.077570377224144
seg_376908,4.14155869462449
seg_377134,4.933138008556457
seg_3788c5,8.870651537284818
seg_37bf85,2.6868826841521587
seg_37f3fb,4.908188204950591
seg_38001b,2.3160732380633373
seg_383b6b,4.50804774223872
seg_383f2e,7.597902456276951
seg_3865bc,3.610978755013047
seg_3878d0,4.0505687566631
seg_389906,7.757614876100419
seg_38ad16,9.85695116816567
seg_38ee24,5.786703169795584
seg_392019,5.690843517373173
seg_39300d,2.810055024200393
seg_395e0e,9.667725434839792
seg_397983,7.364879779619078
seg_397dc9,8.369701755906673
seg_398a25,4.942475672454188
seg_39a886,6.552663789685473
seg_39ad50,2.2748872196978094
seg_3a1600,4.630585411231349
seg_3a22ac,4.3223875376448895
seg_3a80c5,6.406698020077298
seg_3a8a76,2.614825147754014
seg_3aca44,4.5250612015632665
seg_3adb1a,4.172825041345977
seg_3ae4d9,2.9887356162338636
seg_3af649,5.697264152387642
seg_3b2013,2.532483334683167
seg_3b30fd,10.277009714767532
seg_3b4414,3.744846595262846
seg_3b7175,4.72957879429792
seg_3b7724,11.209032500260719
seg_3b95d2,10.503230428364066
seg_3b95dc,4.541979614079091
seg_3ba485,9.953091380601297
seg_3bb90a,5.066853583709495
seg_3bc9ed,6.063886081313512
seg_3bd97e,10.082759367286492
seg_3bf9ac,2.5502886464072674
seg_3bfcf6,4.626903123470538
seg_3c3ddf,3.224710299364452
seg_3c4106,3.1860908619609702
seg_3c64fb,7.0397410280578825
seg_3c8545,2.926749651994024
seg_3cba49,7.039768477051645
seg_3cbccf,4.637314686877468
seg_3ce740,9.200769395954598
seg_3cfb73,9.025658024123945
seg_3d059a,3.6300132276135044
seg_3d06cc,5.944194099131276
seg_3d19fc,3.7532372553237607
seg_3d1cb3,5.5825627082337705
seg_3d1f2e,5.861134929264962
seg_3d581c,2.6719857434365877
seg_3d6aac,7.764062926101128
seg_3d6e79,6.891435808034186
seg_3d9aa0,4.950832607332698
seg_3db0a8,2.887376441085522
seg_3e00cd,9.448198125505723
seg_3e55d5,4.6838051208786355
seg_3e87b4,3.8590225651179373
seg_3ec967,4.955422013667525
seg_3edf51,4.639823830004417
seg_3f2086,9.616794818154798
seg_3f3689,3.191496320074686
seg_3f3983,7.266489333489959
seg_3f5be6,4.743390306933959
seg_3f80ef,5.007914710436862
seg_3f99c8,2.357521568600288
seg_3fb24b,4.511286942833415
seg_3fc7ca,9.821275782783593
seg_3fdae0,7.4198151424600365
seg_407b2b,6.463375403762697
seg_40b3aa,2.044894150330029
seg_40f810,4.9154754730326715
seg_411225,4.804173229229767
seg_414d0f,6.462279501600156
seg_4185b3,5.415463932407066
seg_419531,8.620994019242548
seg_419b2a,9.503888002387466
seg_41a267,10.161698739456083
seg_41aadc,6.335994674055103
seg_41ab7e,7.557237114960327
seg_41be18,7.936821161570714
seg_41be7d,6.923014987953226
seg_41f45e,7.722913643814533
seg_420bcc,6.218484620593667
seg_420d4e,7.256222934818084
seg_421a96,6.4628847175727255
seg_421da1,8.132318050349562
seg_423ebe,4.7404863001785955
seg_425462,4.4475450263256935
seg_42648c,3.428136820555455
seg_4280d9,10.550715674347602
seg_428d66,3.421158328517224
seg_42c4c9,5.5616233580565595
seg_42e7e8,5.875146624908852
seg_42ff14,8.767208818988948
seg_430e66,6.84474473587659
seg_43383f,4.466223383347035
seg_434c96,2.639338790690805
seg_43597f,4.916594251585438
seg_43c6f4,7.860812834797571
seg_440106,9.620014305505368
seg_4401d8,7.438894801086811
seg_441c6d,8.221302527001175
seg_4435bd,4.421358049890516
seg_447972,3.1028579369619433
seg_447b8b,9.719909851949561
seg_447cb3,10.489592808870395
seg_44d3ca,3.3070257854033884
seg_455b16,3.902396719311485
seg_456149,9.28601962296204
seg_457234,9.52790954428802
seg_45838b,6.6916972095350316
seg_4587bb,7.745618563915324
seg_45a8a9,3.8105984778277127
seg_45b051,2.0457305700593804
seg_45e062,10.429975062095332
seg_45e4ed,4.47644357089718
seg_45e7ad,2.920511403480368
seg_46012e,8.616214065324836
seg_460436,9.16905282705133
seg_461ab5,4.4981213775867515
seg_461b63,4.790429280493628
seg_462c1d,7.052116547636051
seg_464839,6.622136579375277
seg_468bc9,11.139537182299003
seg_468fdb,3.926343073514166
seg_46a42b,3.4467915917771244
seg_46b84d,7.703847305789455
seg_46c6d3,9.944179671739818
seg_46dd7c,4.71282570771844
seg_4729a7,3.599073458168802
seg_4743ab,7.673553047533611
seg_4743fa,10.14443535600672
seg_476700,4.680827015743017
seg_476bdb,3.434852516235202
seg_477c83,5.369294282794827
seg_478327,6.841952102446885
seg_47a48f,9.538674657365302
seg_47d374,3.280357975679986
seg_47fed6,7.562014788675633
seg_482745,4.968191963508247
seg_4848e3,4.807507820372785
seg_484901,4.2901762646360995
seg_486973,4.155964628038859
seg_48a4b3,8.426156414628583
seg_48a80c,3.147991060867114
seg_48b545,7.985016231895417
seg_48feba,4.824203022445243
seg_490092,9.184673424167947
seg_490d6e,6.8481473563256925
seg_492dc6,3.9847553878583595
seg_49322d,7.298218717421014
seg_49336f,4.330930952587561
seg_495573,10.172378636847064
seg_496d07,3.463443031677395
seg_496dad,2.7767758381873953
seg_49b0cb,10.365621072298593
seg_49d84b,7.160768801594671
seg_49fdf0,9.631541289654905
seg_4a2525,8.80836268992846
seg_4a6096,2.4532626195022473
seg_4a719c,4.684066514282147
seg_4a91a9,4.656039809403566
seg_4a9e6b,7.19410465774406
seg_4a9e8d,8.270400978598555
seg_4ab7bf,10.015011164725443
seg_4abc29,3.5674240382800733
seg_4acc4b,4.134001316519085
seg_4ad5a2,7.345963605742429
seg_4ad674,4.485082433332101
seg_4adeda,9.513676899101387
seg_4ae37c,7.817097211277097
seg_4ae712,10.051951431771506
seg_4b0839,2.4405241300703024
seg_4b4c91,8.28558777723099
seg_4b4ffb,4.798332761237274
seg_4b8044,4.895953240874623
seg_4b953a,4.527003715090466
seg_4ba3d1,8.191894557868533
seg_4c067a,5.040201936175348
seg_4c12b2,3.898268004042619
seg_4c18e2,2.524984018451695
seg_4c3a2b,8.126610242640293
seg_4c4995,6.289288559798555
seg_4c65e6,9.229437031801593
seg_4c8db6,8.624698361177623
seg_4ca6de,7.473908667314066
seg_4cb0d7,4.732206062616717
seg_4cb9c6,4.554282316699004
seg_4ce234,6.974464302886825
seg_4d0008,5.673936557242252
seg_4d0041,8.13301766844538
seg_4d0c45,7.3311655937014795
seg_4d18f4,3.132725149129052
seg_4d2671,6.193117772751037
seg_4d53c2,10.238248259784475
seg_4d5a4a,4.980315781308233
seg_4d7c56,4.856885879537251
seg_4d8f0f,4.2512724320960515
seg_4db886,8.768919310463591
seg_4db997,3.0591090791776407
seg_4dbbd1,7.916701000479067
seg_4ddddc,7.4435680849666905
seg_4dfa03,3.0684395367839032
seg_4e0c4a,10.024836602905971
seg_4e2c66,2.21557395307567
seg_4e3bd7,2.5245719233500203
seg_4e627b,4.979803679089697
seg_4e9646,7.786674170286614
seg_4ea3fa,6.459141537486016
seg_4ea81c,3.3515091266966315
seg_4eb127,4.675843659680263
seg_4eeaef,2.835906253446921
seg_4eef28,8.829734229589445
seg_4f48b4,2.1955407263223985
seg_4f5931,9.839410225919728
seg_4f76a2,4.77344217099384
seg_4f83a3,8.360136959124041
seg_4fa87d,8.601981540459729
seg_4fce5b,3.328549794071029
seg_4fd191,4.025096336025541
seg_500108,5.595530326289476
seg_5009d9,2.836611065871031
seg_500c80,7.246879796413525
seg_502fab,8.683831387420776
seg_507065,4.256816472032966
seg_5090fa,7.297984468230712
seg_509d55,4.923028303715965
seg_50a667,4.6511915429431685
seg_50b048,6.480347956649292
seg_50e270,7.024049664716456
seg_511d25,8.305245630013012
seg_512b3e,9.535098936549257
seg_514543,4.602451073802481
seg_5147e1,5.1446097009608165
seg_514b85,10.213850393857424
seg_5165a4,7.559633213513924
seg_517345,6.798581743976247
seg_517425,3.0427283695876333
seg_51865e,3.9772934033440857
seg_518b1e,3.1026265797350554
seg_51b68c,10.899521495914735
seg_51f0a2,4.27876356914486
seg_51f6fd,6.784958559460733
seg_521a88,7.745554241729776
seg_523945,2.7380624542705507
seg_524b39,6.2114777043368035
seg_5254ce,9.913107887657324
seg_5255c0,7.787503347934243
seg_52636c,3.2522737438735305
seg_529be4,5.614500845944186
seg_529c99,3.678193187251709
seg_52c139,10.940028070685162
seg_530a02,10.592537692729186
seg_53103b,3.0128975260951227
seg_5311d1,4.326601709491672
seg_533613,8.344200230716407
seg_53498a,3.2473249049541515
seg_53a557,4.504888926088593
seg_53a5fd,6.763140618451173
seg_53bdf5,8.38878715318675
seg_53caf1,7.913459144294194
seg_53d818,4.457124856924275
seg_53e645,6.523020662482693
seg_53fa13,4.955568773849109
seg_5407b0,4.243676124296614
seg_5445bc,3.9034601869107113
seg_54490e,7.97384567822867
seg_545fda,8.575022641163056
seg_5467c8,9.110654247715653
seg_546864,9.911970174221452
seg_5470ca,4.464131062583199
seg_5495ca,3.7909988768554017
seg_54af0d,4.080872592679232
seg_54b0ee,7.408961644447319
seg_54d0f3,2.9877785939140935
seg_55239a,3.5093064431882404
seg_552b8e,10.3259402954305
seg_5559d9,2.0876890037794
seg_555f63,2.623014629639279
seg_5597ed,4.922970938216219
seg_55a0c3,4.483680053020313
seg_55a9a4,7.300750841998362
seg_55b566,2.0710815329959287
seg_55d50b,3.1233440811515703
seg_561cf4,2.3422690691494044
seg_563059,8.053403825604455
seg_5639b3,6.544934170830089
seg_566efe,10.20727109403051
seg_56e3e7,10.25248725128065
seg_56e6f1,4.476884915769716
seg_56ebc7,3.7925057301383
seg_570a20,4.02363823733278
seg_570d69,10.450624772159046
seg_572172,7.1384430521637965
seg_5759c9,7.227344564513667
seg_5765b6,7.524072467886954
seg_578e84,10.450624772159046
seg_57908c,3.5999801049747817
seg_57b6c0,5.562545083737005
seg_57dd68,9.440794336896964
seg_57ea44,2.768966618301362
seg_580b65,7.465266692337257
seg_581fac,2.453871401304098
seg_585872,8.184143188683716
seg_586726,3.0507255906762185
seg_586c0f,4.787239087106814
seg_5887a8,9.257534069971426
seg_588f61,2.6331722396997543
seg_58d52d,8.993214846500873
seg_58e74b,2.2737000334429713
seg_58e9f9,9.150434766017623
seg_58ea74,9.11419277282672
seg_59058a,2.1118706086664614
seg_590fa5,6.244213943314187
seg_591954,10.045232094977624
seg_5924f5,4.498587266042004
seg_592807,8.048501014477122
seg_593c34,4.744352116662754
seg_5965d8,3.6093759714645386
seg_596ae3,7.2817466517657055
seg_5975f4,3.8744739138659483
seg_597bd6,7.153041015005725
seg_59818b,7.1882755628558925
seg_59cd7d,2.928400029739493
seg_59cfdb,9.813829561454948
seg_59d484,5.87822621958516
seg_59de0b,2.2294762851386944
seg_59e1db,7.651270530633653
seg_59eb97,5.395380794849822
seg_5a0479,6.28422432993895
seg_5a1adb,5.424267531143165
seg_5a242e,7.257167676907018
seg_5a67b5,8.370754324215714
seg_5a947e,4.754858360417754
seg_5abfdd,4.7763400112067185
seg_5ad847,3.5706140763335945
seg_5b392b,2.886514059235279
seg_5b7325,4.015422294520756
seg_5b8c39,4.042375561939431
seg_5bc0b0,8.195114813812323
seg_5bd9ae,4.508845010820682
seg_5bdb47,3.117363697102939
seg_5bfbf0,3.3467227443156737
seg_5c0929,4.089943214589746
seg_5c1a4d,3.1725561326022493
seg_5c530f,3.551547653629637
seg_5c57a8,3.8394730167686206
seg_5c8ae5,4.2180197170069045
seg_5c9077,7.6661068307373785
seg_5cd98b,4.984515615866362
seg_5cde88,2.2294762851386944
seg_5cfba9,8.392964219740344
seg_5cfdc4,5.15385509760361
seg_5d333e,8.622342774689914
seg_5d45db,6.884253596972988
seg_5d92af,7.48475939236994
seg_5d94b2,3.683754010458732
seg_5e020f,4.878490636545682
seg_5e0902,3.4455956093323983
seg_5e1bba,6.0923799389613915
seg_5e541f,2.279947878048398
seg_5e635a,3.2896425034953602
seg_5e668a,9.881473682863824
seg_5e70a7,8.168322501189747
seg_5e7abf,4.566325352282382
seg_5e8ef4,7.798414928470876
seg_5eb380,3.27776713082602
seg_5ec0e3,9.727372874520189
seg_5ed47e,9.499133037968285
seg_5ef47e,6.491472235496438
seg_5f0a92,4.516718473860003
seg_5f24d3,8.273017516689382
seg_5f352e,3.132593657039919
seg_5f355e,7.507953765576663
seg_5f46a5,9.034432594130283
seg_5f7fd9,5.056526529675832
seg_5fe414,3.309089600274157
seg_60277f,3.8894832227303744
seg_6074f9,4.349404201470774
seg_607559,8.075897560173207
seg_60ab20,10.768920208778699
seg_60b696,5.59277422545304
seg_60dacd,10.299843111073255
seg_60df2a,6.859259511902472
seg_610379,5.149442226337763
seg_61219c,4.501103560153268
seg_613702,4.736370200694326
seg_614b50,1.978657718510097
seg_6153ca,9.401863289492159
seg_6167f0,6.162135129067063
seg_616c8b,10.413336899039322
seg_61b50d,4.578327124824265
seg_61f504,4.393396143020945
seg_620ee4,5.433012720263529
seg_622e9d,2.8288200097030143
seg_62331a,4.240198374264132
seg_6262c4,7.516722706213774
seg_629822,3.9719804123716385
seg_62a403,10.097095096037087
seg_62c582,3.0957253862051175
seg_63130f,10.642661547469988
seg_633651,5.101212484127282
seg_634180,4.617454891008068
seg_634f05,2.4717584874785192
seg_635770,8.655053838184319
seg_63582a,10.339923397388674
seg_63c13d,5.322782289787158
seg_63c518,2.7851656342525253
seg_63c8e4,9.823020156785825
seg_63c983,4.5115100683003595
seg_63c9a3,4.760389576491598
seg_63d651,4.084380627190762
seg_6422d1,7.962958743469637
seg_643d1f,6.031376173870483
seg_643f86,9.177771314361793
seg_64bcb9,9.624153342247816
seg_64be5d,10.4889886886109
seg_64be91,9.929993285839021
seg_64daae,2.5892004212243784
seg_64dcf0,6.6502345886023
seg_64f8dc,5.055923621409934
seg_650de2,4.519660854005233
seg_651808,3.1805859496859528
seg_652cc2,4.234284581553217
seg_655780,4.5836004110215915
seg_655ad6,7.476030301626859
seg_655cae,2.9039144683195746
seg_658bf4,2.0970591491367894
seg_659ff8,4.195415229997149
seg_65b962,4.515264833811701
seg_65c4e1,7.315982553314187
seg_65ef95,4.008183915010329
seg_65f01e,9.788286899850444
seg_65fbac,8.057047714100365
seg_660fe1,4.366208601193438
seg_660fef,6.533648121400811
seg_661629,3.7925057301383
seg_666056,4.197359641541697
seg_6681ee,1.978657718510097
seg_66820a,3.818733656321059
seg_6696d0,4.523230133362797
seg_66b7c3,7.473250730343111
seg_66e45a,6.551851563871597
seg_66ed4d,2.4814694406495654
seg_670bde,4.725384471431055
seg_67330f,5.880949649611167
seg_673c60,4.051800222463322
seg_67599b,6.440107831678529
seg_679dd2,7.4736685206204685
seg_67aa76,5.602434776123654
seg_68102c,10.677781797716682
seg_683ddf,5.419469351064375
seg_686edc,6.694883120902595
seg_687a5c,2.214928953941405
seg_68a484,8.82881092876853
seg_68da94,3.957821586768887
seg_691a72,7.020770484511978
seg_692e7a,8.446576234546745
seg_6951e0,3.555191311620894
seg_695380,2.387575419004424
seg_696621,5.222787466654415
seg_6968c8,4.834113959620814
seg_69787a,7.591851032869302
seg_69a230,4.649720030581707
seg_69a53e,6.906728787228671
seg_69dbad,6.626010523900665
seg_6a05e7,4.518309890175231
seg_6a116b,5.55290375428603
seg_6a26de,3.1232183152494972
seg_6a45a0,4.618481446088219
seg_6a4ad1,9.342568206918989
seg_6ab188,6.974250317122042
seg_6ac67a,4.724466870316454
seg_6ac82a,3.877093035621164
seg_6ae32d,4.42447198929519
seg_6b0107,6.993394522564836
seg_6b2ce0,6.7106786557367
seg_6b3a9d,3.4524414588197407
seg_6b4e04,9.559979623767015
seg_6b536d,4.5860493616186675
seg_6b9511,7.416327677499071
seg_6b9d02,4.125679800280187
seg_6be48e,4.170763407417608
seg_6c292b,6.316164134063802
seg_6c309f,4.6514698905209455
seg_6c34c2,2.84833387993592
seg_6c8a45,4.9616029538034425
seg_6c909f,4.215714182446209
seg_6cfb76,4.765815032116078
seg_6d01a3,8.13129030457726
seg_6d35cd,2.488075039493327
seg_6d36a1,10.051867121934267
seg_6d4109,8.07132809189302
seg_6d4fa6,4.773671093868318
seg_6d6fad,4.102882363699524
seg_6da1ff,6.937292946874068
seg_6dac5d,10.077398725806704
seg_6dd0fc,4.518952233335228
seg_6de4fd,9.40518417544534
seg_6de935,10.1702783301591
seg_6df48e,8.803859049733324
seg_6dfab7,3.4114097601791578
seg_6e12ae,4.987221262192006
seg_6e12ee,2.9076046676557956
seg_6e1ee7,8.333893217106525
seg_6e572a,3.6889834120262903
seg_6e5a38,4.0667624442666765
seg_6e7f73,9.465394784408172
seg_6e98aa,4.303734688705136
seg_6eb146,10.225279412589074
seg_6ed49a,8.518806067449905
seg_6edcb8,6.035263726034446
seg_6eedcc,7.612246039718211
seg_6f17de,4.175819251374676
seg_6f2222,4.394090832213264
seg_6f3d90,6.768970090035991
seg_6f60b2,3.6268725077542547
seg_6f650f,10.596212397791014
seg_6f9a98,6.989234014814102
seg_6fb17f,5.594566749178062
seg_6fc3ef,9.112627846939436
seg_6fc8b3,7.430011182613386
seg_6fd5bb,8.15782310571218
seg_7012af,10.59612110968278
seg_7020c5,7.535693348157752
seg_702e03,3.8833129655954304
seg_703cea,7.938304971041323
seg_705463,3.556479746102228
seg_708349,9.158716663960703
seg_70991d,5.1938956536350345
seg_709b6a,9.642265587884868
seg_709d08,6.58993066043476
seg_70a60e,6.73241290404317
seg_70b375,7.451466475766956
seg_70be4d,9.701232254246882
seg_70e891,5.014714030078615
seg_70edf5,7.480843597030881
seg_70fb30,10.109774355581653
seg_7120ac,5.580313521838544
seg_71238c,10.234450712141157
seg_71348a,4.0553781489285345
seg_715e2c,7.701907227851993
seg_715ff6,7.995508093353642
seg_7189ca,7.334571916252594
seg_718b53,3.2084359075761077
seg_71936f,3.3201383853633892
seg_71b4e0,3.7273636556904166
seg_71b975,3.5352590812800075
seg_71c9e9,3.068157295780518
seg_71f571,4.02634742720927
seg_7211f1,7.5037129842809005
seg_724df9,1.4855676917246785
seg_725772,8.38894636945639
seg_725e84,2.8282453096853244
seg_727fc7,3.9924295211883893
seg_72858d,4.51406433151313
seg_72859b,4.634706828641907
seg_72aba8,5.436954022304612
seg_72b68c,11.133715448646285
seg_72c307,7.636743152906254
seg_72ebda,6.693897058657645
seg_72f40a,7.414891975080465
seg_730ebe,4.966263944904501
seg_734a88,9.466127839314574
seg_73565e,3.693011853364036
seg_735cdd,3.906664924182391
seg_73858d,10.191115480107761
seg_738be6,3.198695883911264
seg_739643,7.359315305051782
seg_739679,2.6391590308962836
seg_739856,10.23163975774736
seg_739fb0,3.2847553613292946
seg_73ab4a,4.525905465331023
seg_73b0f7,7.71155373906249
seg_740837,3.048448396890223
seg_741fc1,7.692615976712711
seg_74235f,5.219696472364243
seg_7428e7,7.034049682579561
seg_743775,7.363051222031868
seg_74537f,6.598820763535963
seg_746d1d,5.164453605858108
seg_7480f4,8.305662317832633
seg_74b264,4.380069198921797
seg_74b3bd,7.259010391713032
seg_74ce61,8.523487333346878
seg_74d58a,9.228912613430877
seg_74d8cc,6.226981060784687
seg_74dda9,7.183850208473336
seg_74f330,4.7307032551513455
seg_74fcfc,9.29529622859075
seg_74ffde,6.117598196219552
seg_750244,7.024450975732161
seg_750c93,2.4818562949493654
seg_750d20,5.881181895800123
seg_750e7e,7.844194060036179
seg_75211e,5.866718166344849
seg_753190,8.341038246622109
seg_753ba6,4.656039809403566
seg_7540f3,6.638466968317507
seg_75438e,6.575985961389378
seg_755d50,4.327261039635692
seg_75654d,4.9167009953359635
seg_758374,2.478167247510541
seg_758ca4,3.449608808604374
seg_759fb1,6.399002969523304
seg_75a878,4.901946291318044
seg_75c34b,3.425786830372202
seg_75cd6a,5.127074200091991
seg_75dc3e,4.785613694632422
seg_75e669,2.297902234922179
seg_75e93c,3.877566832560018
seg_75eb90,7.722707386239653
seg_75ffc9,6.607141141844775
seg_760d70,5.163666088912658
seg_76106f,10.125201443349805
seg_762188,10.71909508932526
seg_762be4,3.9197447990686918
seg_7630c5,11.209032500260719
seg_766e42,4.62562865076573
seg_76b76f,10.515042372359316
seg_76c2fa,3.4567545030702247
seg_76d16c,6.866842117541928
seg_76e914,4.95189512624144
seg_76f1af,2.808557109797787
seg_76f3f2,8.799447130270474
seg_76f76d,6.226446888042281
seg_774ad2,4.261870214381212
seg_77bf79,4.566999264950458
seg_77c546,2.094505159239481
seg_77db7b,10.021803313103574
seg_77dbe7,4.086253281932608
seg_77df38,7.7938064111189975
seg_77e7bf,4.216958086502318
seg_77ea14,4.967496699987423
seg_77f9e3,2.4799950056852476
seg_77fe77,7.034426249418329
seg_7848f8,1.6234186974995009
seg_7862ed,3.7453850027656443
seg_786ff6,7.238143989728558
seg_78852d,5.829851021265078
seg_78addc,8.397061838318901
seg_78d817,5.140322873647619
seg_78db0a,8.74904186795694
seg_78ded2,2.498380547039156
seg_78fc4b,7.286860970567618
seg_790108,7.141643277014198
seg_7949da,4.480638030655018
seg_79c47a,3.734695383217853
seg_79dc90,7.879594312638011
seg_79e301,3.8377507403241404
seg_7a09ec,6.324442331468623
seg_7a521c,4.690998142933483
seg_7a5243,3.977283165822782
seg_7a9228,4.7353947749448215
seg_7a9f2b,2.593986602968463
seg_7aeca4,7.584552646628113
seg_7b0936,10.4634053411725
seg_7b2994,3.4722740415757576
seg_7b3017,9.509831232188377
seg_7b5f90,6.949080680057129
seg_7bb771,3.7456268628317124
seg_7bec10,10.818857138373481
seg_7bf143,3.4749616537871995
seg_7c0376,2.0970591491367894
seg_7c10c1,3.0051063659667734
seg_7c2beb,8.26597761364765
seg_7c2c48,2.990785948991318
seg_7c6c31,8.546165639327642
seg_7c88d1,3.5287244959385133
seg_7c9433,6.358840332745826
seg_7cb417,4.044394921121836
seg_7cbb45,4.798983304654241
seg_7cd6b1,3.8242621278664517
seg_7cdfe5,4.656039809403566
seg_7ce9cb,4.496525599906445
seg_7cef95,7.520784222637777
seg_7d17eb,9.124144209668627
seg_7d2535,2.51007445188099
seg_7d2e57,7.399266444394266
seg_7d65c7,9.725868643513856
seg_7d718e,9.972449402778324
seg_7d88e3,9.414021038733157
seg_7d994f,3.872827150692534
seg_7ddc30,9.753512549096758
seg_7df3dd,5.913236212069302
seg_7e3b3e,4.387829190078434
seg_7e9eb7,10.063545235537337
seg_7eb108,11.393886371695512
seg_7ebdc3,4.124009072520024
seg_7ed2dd,4.487940670323996
seg_7ef97b,4.445018096016723
seg_7efdd5,7.62273365976977
seg_7f3ab0,5.0170616567059
seg_7f5b6f,10.335393098901495
seg_7f786b,5.179725118633392
seg_7f93b2,2.8069878896279854
seg_7f9b3a,6.669805008983526
seg_7fa6ec,1.6839427514173075
seg_7fac26,10.011627163413392
seg_7fd3a3,4.701279887002484
seg_7fd6b7,9.852108037058361
seg_80211c,8.62253896961584
seg_804fb5,6.841092438274446
seg_80622d,7.7802200450278916
seg_807901,4.1711882333154495
seg_80b9b4,7.110994244294114
seg_80fb86,5.502166073616292
seg_812962,4.736469229743038
seg_812a50,6.448997359359934
seg_813aab,2.7623721345871863
seg_814b1f,2.0195431873934804
seg_816b7a,2.6124111258685327
seg_818382,6.0561591064159765
seg_81a8ea,10.016682406436244
seg_81bebd,8.447049039126492
seg_81c1a6,9.787544844227785
seg_81c432,4.252855447372168
seg_81f798,3.8232155633523606
seg_8200d2,4.489902165529513
seg_82303e,4.031093765069161
seg_82316b,4.319272831329207
seg_8244bf,4.424930768107842
seg_82456a,2.2323489064594053
seg_826208,5.781123824148546
seg_827804,4.8559280569591685
seg_827a21,4.240459007827131
seg_827c07,4.656504822403882
seg_82c138,7.014007494881454
seg_82ce27,3.254124809935275
seg_82d7b6,3.613589640737763
seg_830cff,4.466778829428814
seg_8310ea,8.102568093948856
seg_8324a4,7.589183189702938
seg_8328f5,5.442735622236373
seg_832a4d,4.435511835878257
seg_8344ee,4.567690923581955
seg_8353f5,9.637723757794642
seg_836aac,4.474697482267532
seg_836ef0,2.365382455581687
seg_83bef8,5.074690631129522
seg_83cb2c,4.187266950013311
seg_83dc2e,10.32381115066139
seg_83ef67,9.635712671748271
seg_83f476,4.63504644590252
seg_83f89e,8.041423727596474
seg_83f928,9.972449402778324
seg_8456d3,3.109117655068488
seg_845a2a,10.390207280603052
seg_8472f3,9.97648442085371
seg_848695,4.320468733059263
seg_84a65d,9.804260999060046
seg_84b9d9,4.805256024809056
seg_84c7fb,5.6150955763323225
seg_84fc12,9.819631038949929
seg_8509db,5.60803098053823
seg_850d95,3.5568141482332685
seg_8515fd,5.2122676166629365
seg_853302,7.974356553884047
seg_854d91,9.411143514030114
seg_857304,4.649505736168922
seg_85762d,6.860149643457999
seg_8599ec,4.535132976301309
seg_85c1c0,4.6062935494278205
seg_85e90e,7.893853677068296
seg_85e9c6,8.255755638455616
seg_85fb0a,2.1444749020942746
seg_864fcf,4.648903835703747
seg_8658b3,7.733227299470125
seg_86720f,7.602784457322661
seg_8681aa,8.068353425997007
seg_86892f,2.770162281279781
seg_868c85,7.1769850934133235
seg_86cfe9,8.368948367331353
seg_86d847,9.313789613862442
seg_86e874,2.010173042036091
seg_87232d,5.6876716782070735
seg_876904,7.58300580009462
seg_8773cf,2.759610203434181
seg_8777bd,10.057590312951989
seg_8785e2,5.893638457805997
seg_878d2c,10.047631634751593
seg_87a616,3.234939715741979
seg_87a67a,5.217795909248779
seg_87e4e8,3.919722112220037
seg_87f6c8,7.437710851310423
seg_8826f4,4.594543104223415
seg_885f53,7.664453240501433
seg_8866f0,2.044894150330029
seg_88a81d,3.8029449748869575
seg_88b289,9.94342478943641
seg_890181,7.087130515002097
seg_89791c,3.683471443166191
seg_89885a,4.253178262898984
seg_899bf0,4.112862489535983
seg_89b090,2.2411163366073046
seg_89d8a0,5.208906632479895
seg_89e207,5.377768107980694
seg_89eed6,4.076549332446451
seg_89f975,3.231287026427551
seg_8a3306,4.769335357324318
seg_8a41bf,3.0119997949799195
seg_8a6b0e,3.0956025397492146
seg_8a7201,4.784872459379566
seg_8a8220,7.241255745229916
seg_8a8375,7.499954736684531
seg_8ab3a7,2.0815246431899546
seg_8ae847,5.590681650748019
seg_8aeb99,9.650402862300938
seg_8b39c4,8.756097068576672
seg_8b798b,10.86961126867578
seg_8baeab,4.482893943939109
seg_8bc20c,3.2116530787811888
seg_8bde47,9.797077149302742
seg_8be2da,7.055986484518511
seg_8be76c,2.044182835634558
seg_8bec6f,6.062226010033431
seg_8bf229,7.1107295811986475
seg_8c0114,3.3588718834588702
seg_8c1760,8.588962792369696
seg_8c1cca,3.63494853467695
seg_8c1e7d,2.3743583578476124
seg_8c341c,8.398145190456153
seg_8c6d4e,3.117498980868194
seg_8c6e34,2.8280576101439854
seg_8cd159,3.109517032424253
seg_8cdf83,4.657414797557613
seg_8ce632,4.632445658682538
seg_8cf573,5.717494727159954
seg_8d030a,5.544904432149745
seg_8d135f,8.102115915022932
seg_8d3a9d,6.782265547380229
seg_8d4435,4.623548887207756
seg_8d4965,6.431930507157015
seg_8d5113,5.711584001289844
seg_8d6578,3.144264980261688
seg_8d6a7d,3.3261848713097764
seg_8da61a,6.985859838888056
seg_8db6f0,7.214862576298832
seg_8dcf3c,9.12039870002619
seg_8dd2ab,2.9667626426987654
seg_8dd3ba,4.625967627381938
seg_8dfc7e,3.4145685890693125
seg_8dfd7a,2.2982843345918926
seg_8e5704,8.133339575231075
seg_8e6a3f,7.676629283484509
seg_8e7194,4.914275713411415
seg_8e7fca,4.781788762887463
seg_8ebdea,9.538116178802511
seg_8f1127,2.044894150330029
seg_8f25b0,10.248145140169278
seg_8f3247,7.8504986964050945
seg_8f3dfe,5.742592465288022
seg_8f4654,5.622586197457027
seg_8f4781,3.5996761879104207
seg_8f5589,7.145418625262758
seg_8f592b,10.03903086043718
seg_8f6284,4.320468733059263
seg_8fb0d0,5.945853166240794
seg_8fb29e,9.306385217262168
seg_8fb828,9.23819271549872
seg_8fc754,8.263217797767282
seg_8fd465,4.937803720810043
seg_902074,8.298366845677423
seg_902bc1,8.206236758346764
seg_903aba,9.389826914237284
seg_907c52,5.290027493113274
seg_90a0be,2.2309742304781457
seg_90b174,3.933603143051328
seg_90bf60,8.977889323372448
seg_90c258,10.18558228889454
seg_90e904,2.2189643525659504
seg_90ec68,9.281239342577773
seg_90ef18,10.85738963529255
seg_911066,4.672135803053526
seg_9122aa,3.114426912652535
seg_913ffc,6.250091218220171
seg_914a62,4.68188861794025
seg_91596c,7.7432919310218935
seg_915b3e,4.704216402595597
seg_91607c,4.244302873124857
seg_919a6a,3.8458043500561567
seg_919c5c,4.690540696736635
seg_91bf8c,4.5576066807317215
seg_91cff2,3.946204647108017
seg_91eaeb,6.320561365964894
seg_91f512,5.048991731551903
seg_91f664,3.3512504802822156
seg_91fc29,3.2948575893185037
seg_920132,8.58381107584926
seg_92092a,5.176622117841389
seg_922914,5.744682433430442
seg_922990,4.996790689655897
seg_92310f,5.669019547926007
seg_929ded,5.539123744963688
seg_92a5f1,6.3210155905507275
seg_92af10,8.012491026036098
seg_92b095,4.249714077728811
seg_92bd37,5.944165412620259
seg_92be9f,6.417304800460857
seg_931244,9.83027598153417
seg_93211c,7.396464803309835
seg_932828,9.831765335675506
seg_934087,5.004981890938812
seg_939f5c,7.286009536447288
seg_93d864,5.833959153838551
seg_93f935,4.441863633473365
seg_941759,8.222035568665033
seg_943de0,10.3200805935413
seg_944c98,3.0518834830816575
seg_945bc8,4.642415976961041
seg_946d71,10.367281111793135
seg_946d9a,4.4754478355732585
seg_947700,5.526988376929495
seg_9485c0,5.514605560016448
seg_94a133,4.132914355539225
seg_94aa0a,7.280943847086737
seg_94c48c,7.7362445397799435
seg_94d150,4.532554702817199
seg_94d573,7.797952066259957
seg_94ecad,9.414199812114479
seg_950048,5.743251712174199
seg_952faa,2.8583403990852236
seg_95357d,4.558126012937755
seg_95644e,5.95569714591595
seg_957ece,4.009007773298616
seg_95b321,2.858890279584651
seg_95f45e,8.062433915581595
seg_961d02,4.696609728319291
seg_961ddf,3.8022917796965863
seg_9626a4,2.5112737715556976
seg_96642e,4.680806082584779
seg_966f3d,3.051730113659448
seg_967ae4,7.800869121864051
seg_96cd5d,3.8953516592641413
seg_96dab2,9.537193694940125
seg_96db5e,4.619274321071667
seg_96fa35,4.577291943187329
seg_970b35,4.12900843488295
seg_970e86,9.302992171697582
seg_974049,4.7487152365335055
seg_9757ac,8.574890807060367
seg_979a8f,4.656039809403566
seg_97a161,5.652904835366568
seg_97ad82,8.228234517922068
seg_97d9ed,8.531206673960012
seg_97e4a9,9.667427029081493
seg_9802c3,5.4292057380439935
seg_9825e0,7.089732476842545
seg_983778,9.853163132406038
seg_986976,6.074950794266948
seg_986b6e,10.553390680907416
seg_9872f9,4.71358638033557
seg_988e69,2.3101510304139197
seg_98a819,6.313570246077896
seg_98be13,6.51359034013044
seg_98c0b6,4.491687445966365
seg_98c44d,4.331729347483696
seg_98c544,4.310881712038141
seg_98ebaa,9.50449758636833
seg_98f624,9.67895607142936
seg_9940e8,10.428824253504049
seg_996c37,10.992451705133444
seg_99ccbd,4.6660634074924765
seg_99f677,5.18381953151473
seg_99f76c,4.750935849074575
seg_9a1a4f,5.3970258352999165
seg_9a1c76,5.315260583240984
seg_9a43ef,8.613110609693603
seg_9a6025,5.816673452390085
seg_9a74d8,7.518652535374112
seg_9a7c46,5.823713017137775
seg_9a7d1d,2.4076603495847273
seg_9a812d,4.61328479153311
seg_9a81a3,6.848786822436871
seg_9a8a1f,2.12009320472609
seg_9a9041,7.2744008029193
seg_9a92db,5.662738907672109
seg_9aa6e2,2.4591857676152626
seg_9ab405,2.2947489078455794
seg_9ad261,4.844501716515269
seg_9ad925,8.679148103065009
seg_9ae1a1,10.109774355581653
seg_9b0439,6.333662825854117
seg_9b44d2,9.790220410420135
seg_9b7ef8,9.987330886766692
seg_9b7f93,4.298633240176828
seg_9bab11,10.279120252172131
seg_9bd388,6.739528483211248
seg_9bee43,4.71282570771844
seg_9c00d7,9.395457175087826
seg_9c090f,2.619753169162277
seg_9c2843,2.707142725359769
seg_9c3d6a,8.782386242487105
seg_9c3ef8,7.524954549191269
seg_9c635d,9.3680692714469
seg_9c6715,4.197472463032246
seg_9c8162,6.945218055973268
seg_9c8bc8,5.462538890892916
seg_9ca72e,4.589340601132074
seg_9caf50,9.203794433788952
seg_9cb464,4.677356280796176
seg_9d1b26,5.2804636551255
seg_9d1dbe,9.416963948363131
seg_9d2528,5.258802076687543
seg_9d3013,7.99715554879497
seg_9d452d,3.9530769486420234
seg_9d57a1,8.008665342523967
seg_9d68cf,5.051759783764989
seg_9d6ff0,3.5097248179112626
seg_9d7490,5.232184129487472
seg_9d79d4,4.8262286827997425
seg_9dcae1,6.753060609236622
seg_9ddc99,7.417027722848429
seg_9dea8d,7.40985567369262
seg_9df32d,4.7386624156962185
seg_9e25e9,4.027695438965037
seg_9e3837,4.169753457385998
seg_9e61da,2.639600854366076
seg_9e7dff,3.9426564452918447
seg_9e8323,4.097339309544847
seg_9e8ca4,9.545087795991588
seg_9e962b,6.874991346730736
seg_9ee0aa,8.348550927848327
seg_9f042e,7.474793427102476
seg_9f12c6,3.8457853914756734
seg_9f22a0,7.900988574879338
seg_9f4fd4,9.576256655708587
seg_9f57c4,7.78876239809109
seg_9f6315,4.847186117963399
seg_9f7542,8.926331369859707
seg_9fc7c2,4.393360562145988
seg_9fd9b8,6.373553688165915
seg_9fe8b9,6.133279381101103
seg_a00985,5.563233517030252
seg_a009e6,7.157135839037567
seg_a03e6a,3.905384644223679
seg_a05c22,4.595417550434528
seg_a06228,6.881617771660354
seg_a0646a,4.656039809403566
seg_a0979e,7.624971183078071
seg_a0a423,2.673627932049809
seg_a11dd5,3.624585414838621
seg_a12acb,3.693231105600052
seg_a133bc,5.020206736004584
seg_a14212,5.1972737264118845
seg_a16a1b,2.841209503919175
seg_a173d8,5.503813201170397
seg_a18246,7.735023596560211
seg_a1a511,4.047498291846149
seg_a1acb2,4.802666220714599
seg_a1b3cc,5.235791901987269
seg_a1d8da,6.6080939553167415
seg_a1e5b0,7.967603211755035
seg_a1edc1,4.649851310766108
seg_a247ac,9.283440832125498
seg_a25c46,4.567549672717872
seg_a2986f,7.505258796752723
seg_a2c108,10.371329441504821
seg_a2d47d,5.184569865657885
seg_a2e2c8,2.8592699734251323
seg_a2fd8b,4.017554219689537
seg_a31d6e,7.810268119036882
seg_a31fe3,8.011709115590907
seg_a35c82,7.835179339857698
seg_a35e7c,10.446486782767291
seg_a39ebc,4.566052111354091
seg_a39f3b,7.512522225885237
seg_a39fa8,10.41074228343329
seg_a3ab46,4.744784721689396
seg_a3d4d6,2.8591335959315485
seg_a41c2c,7.046704327928246
seg_a4208a,4.211270320820419
seg_a420d4,3.4917799928325075
seg_a436bc,9.514067628319191
seg_a437cb,4.123488877388716
seg_a45455,5.2391819494994865
seg_a47cce,8.191894557868533
seg_a489e1,6.826079799753879
seg_a49ccc,4.965121865149728
seg_a4ad7c,10.86182246675371
seg_a4e745,8.466087449284823
seg_a50d28,10.138503631964262
seg_a5271e,3.1874303263934824
seg_a53e4c,6.049147666225024
seg_a543e5,8.205884986802829
seg_a55540,9.574297955773321
seg_a55a17,4.705839919374236
seg_a56c04,4.37963679788622
seg_a58a6e,3.0637892151020916
seg_a5934a,10.15700134249403
seg_a5d37f,3.108407147189871
seg_a5dea6,10.254082827620952
seg_a5f4dd,5.334279957062142
seg_a5fbcc,4.847067431463645
seg_a61e1c,5.708368065714339
seg_a63573,5.27036989989635
seg_a674d2,8.074689354841208
seg_a68007,3.765759183280241
seg_a68ffb,7.388149245356848
seg_a69246,10.063545235537337
seg_a6959c,8.054078855639599
seg_a6bf91,6.415455809766515
seg_a6c5cc,2.493197181145484
seg_a6cd86,4.817851644820532
seg_a6e801,3.301151287043587
seg_a6e99c,2.427077899314389
seg_a6eed3,4.370943736633258
seg_a704ee,6.959250379533907
seg_a7561c,4.5487706822163485
seg_a7b454,3.482250580628783
seg_a7d0eb,4.534566904814942
seg_a7e49b,6.028765409960364
seg_a80123,5.091650184133879
seg_a802fa,8.266158571056028
seg_a80f6f,6.859886459427271
seg_a82229,8.230548860476047
seg_a84c13,3.1872693068464866
seg_a86231,5.345154544026417
seg_a8685e,8.58016589185124
seg_a86a05,6.963451462684492
seg_a87e79,2.148708681351079
seg_a88097,10.712740559394788
seg_a88dde,8.309560713831068
seg_a8bb2f,4.644792173348425
seg_a8ddf7,4.71282570771844
seg_a8e6df,4.998280083330227
seg_a8e71a,4.683115496474641
seg_a9089b,2.0815246431899546
seg_a91c03,7.5045786061848005
seg_a93a88,8.344634242868803
seg_a96b47,4.874467846243954
seg_a975df,4.747718623216274
seg_a99161,3.7919069109490984
seg_a99799,3.1826404654273213
seg_a99be9,10.290352889618436
seg_a9a820,3.112755417752895
seg_a9b957,4.667778893771503
seg_a9f80e,7.994878644138896
seg_aa0180,3.320871061015643
seg_aa1adf,4.405525538557466
seg_aa508a,2.357926302594044
seg_aa78e0,6.724669927732407
seg_aa7a4b,6.969316388044045
seg_aa98cc,1.6225858844701915
seg_aa9b8e,7.293149238859589
seg_aaa2ae,3.05722537314366
seg_aabc52,10.372843060543337
seg_aae025,8.22058853479152
seg_ab001b,3.8002735832386656
seg_ab15ad,7.690352106298687
seg_ab2a78,4.501477371104722
seg_ab3f14,7.975440143802571
seg_ab4bca,2.310059457261115
seg_ab644e,6.158061085696659
seg_ab70bd,7.357473008139896
seg_ab9654,10.85738963529255
seg_aba501,4.248482391786992
seg_abaad2,8.432841546763845
seg_abb03a,5.372486130678939
seg_abb06a,6.524421445046795
seg_abc5fd,7.727401186197769
seg_abda04,8.672743897710035
seg_abeca6,10.133345598669585
seg_ac45ae,8.247529950216563
seg_ac5c61,10.207015646140027
seg_ac68bb,2.6266196996007194
seg_ac9de5,3.126776550013956
seg_acd715,9.931692575623343
seg_acf2f4,8.416401904348152
seg_ad3a44,4.70484720376321
seg_ad3cf0,2.9930086151521516
seg_ad591c,7.485101144633484
seg_ad759c,3.4245863002187207
seg_ad82ca,6.991868942414158
seg_ad949a,3.5978625413461223
seg_ada42c,4.855086524315631
seg_ada81a,10.266497781645796
seg_ade769,7.183478915165132
seg_adf94a,2.056173680253406
seg_adf986,6.693920789609329
seg_ae32a6,6.534373121193935
seg_ae3388,7.607538134946408
seg_ae3d92,4.922978954029909
seg_ae42b3,10.596212397791014
seg_ae9626,2.180032430117564
seg_ae9761,10.380747201921988
seg_aec276,10.165341844714863
seg_aed434,6.981215305802989
seg_aee7c0,8.050158112699151
seg_aee9bf,3.8106363671238555
seg_aeeb31,2.2411163366073046
seg_af1650,3.907026018446724
seg_af2472,2.8455623672257473
seg_af6204,4.313344135104926
seg_af703b,10.175080773688093
seg_af959f,8.229434416505963
seg_afa4a1,8.030088113668572
seg_afadfb,7.056844248189128
seg_afca81,2.867321232773093
seg_afd665,5.3972412572541835
seg_b00f05,7.549673346308326
seg_b02e31,8.711824909503296
seg_b03de5,9.424016981316159
seg_b08e9d,10.306886830634097
seg_b0a794,2.8932025336969254
seg_b0bf65,4.612290552064598
seg_b0cf32,10.166103923430384
seg_b0d251,7.238143989728558
seg_b0f9cd,8.023520924048816
seg_b108c9,4.737450195156408
seg_b13220,4.700021100277785
seg_b13fb9,7.192969494352087
seg_b197e2,4.031860975007485
seg_b1a35c,7.996565413207565
seg_b1b95e,3.506674606064114
seg_b1fea8,4.506407309293856
seg_b20487,10.247300408857054
seg_b21273,5.968834685671282
seg_b23489,3.290262501129945
seg_b253ee,3.811149428868409
seg_b25dde,2.1912827578525027
seg_b26368,4.991955433668308
seg_b284b2,4.663145614015224
seg_b291c0,4.5359680392301645
seg_b2b29d,7.73023236580466
seg_b2b331,4.760144338899257
seg_b2e045,5.047472535537793
seg_b31961,4.822505814745326
seg_b32d1d,4.287115201107449
seg_b35174,2.486717475781245
seg_b36650,3.6722299137415595
seg_b36c8a,2.9808365341655034
seg_b378bc,2.521588114446082
seg_b3883e,6.131780182628367
seg_b3cf21,4.962530565479694
seg_b3d886,3.68780427324459
seg_b402ac,7.114804847057849
seg_b41d3c,4.793129624900288
seg_b42170,3.5223304980035812
seg_b4402d,10.121448452161529
seg_b44c2e,7.942499798732278
seg_b47c19,6.982143693734548
seg_b4c040,4.513394437613835
seg_b4cb44,9.708627073633423
seg_b4f7a8,5.268884292375831
seg_b50239,2.1157335295310666
seg_b51380,10.299730934288236
seg_b51b7c,5.195089854073859
seg_b52710,3.5679324492031816
seg_b52add,10.399871527993401
seg_b52dac,4.623442631061952
seg_b54024,4.142444950541593
seg_b568c6,7.736568791055125
seg_b57e76,6.521121798320726
seg_b5804a,4.774935475702925
seg_b58542,5.5724054514439
seg_b5a447,7.372671233380851
seg_b5aee9,5.307487955122134
seg_b6254c,4.271728384848955
seg_b63de1,4.356219716513688
seg_b64c9c,8.065981319345497
seg_b66b87,2.962066080414872
seg_b686e5,2.2372429355365027
seg_b687fc,3.7179283062234867
seg_b691c5,2.2288070192976646
seg_b69455,9.553416769575895
seg_b695b3,3.511290330192929
seg_b6bdaa,7.502404633156289
seg_b6c10d,7.284509256456947
seg_b6cb2b,3.5575671510426856
seg_b72413,8.08960120059528
seg_b735a5,7.684714612146654
seg_b77bf5,9.756689102009881
seg_b782c7,8.193228258817543
seg_b78883,10.436437809336091
seg_b7a8a1,6.126966887656323
seg_b7b098,4.3560804614660515
seg_b7da0a,3.2276014388831245
seg_b7eeb6,6.635251924833787
seg_b80358,9.050072984118577
seg_b80366,7.380510908051237
seg_b80b89,5.62614366551395
seg_b8141c,2.999047779178304
seg_b853c1,8.34769389672402
seg_b853f8,6.4750562270554495
seg_b86ce1,5.1521310993502185
seg_b8725b,4.609264214602457
seg_b8745c,10.009424922234766
seg_b87cf5,8.462755450965457
seg_b88baa,7.539487233758862
seg_b89218,10.048764590388604
seg_b89e47,2.925571835790963
seg_b8b72f,5.099852113722655
seg_b8bb87,10.109774355581653
seg_b8fd73,10.323106599664458
seg_b91011,6.459595277626988
seg_b917b5,6.637605150346206
seg_b91ae2,4.316364880559216
seg_b9361a,5.117380798032795
seg_b9365c,4.6603256435922935
seg_b947ae,4.128482244631167
seg_b95010,3.8427247256423316
seg_b95a77,9.312440705141752
seg_b9619c,6.494126426880025
seg_b9ad7f,5.580580998757213
seg_b9bdd7,5.248477848682084
seg_b9d8a0,6.9613721617435
seg_b9de03,4.7059472418257915
seg_b9ec4b,3.277000265182045
seg_ba0485,9.616722510723793
seg_ba1d68,3.4566349380568004
seg_ba2c48,4.274706269704337
seg_ba3c47,2.605642435042528
seg_ba3e74,4.0343373705247
seg_ba4ea3,9.725347516360355
seg_ba5e7e,4.720392617562758
seg_ba83da,5.715660829166146
seg_ba941e,7.823660141456964
seg_ba98dc,4.485348837520294
seg_ba9dbf,2.941376744543181
seg_baa745,6.929141538067567
seg_bb171f,7.521001216077839
seg_bb180c,5.05539462613053
seg_bb2d77,4.066053554870399
seg_bb5e15,4.978148482149953
seg_bb6904,2.6795273467793974
seg_bb6fcb,6.404790675660516
seg_bb92b1,5.793042662149489
seg_bbb01e,7.3875351954864446
seg_bbbc30,4.569183860749316
seg_bbf805,4.6350564168616675
seg_bbfd4e,10.081510089450788
seg_bc07c8,2.0815246431899546
seg_bc1d67,7.236762164230825
seg_bc2186,7.416905019427274
seg_bc437b,9.68557364379249
seg_bca500,5.91788992147069
seg_bcc8f1,7.003502397997609
seg_bce23c,7.254337054918798
seg_bce305,4.664404426600191
seg_bcf2d9,5.043648514589604
seg_bcf6af,7.1208977430576
seg_bcfad6,5.0614446466121885
seg_bd00c4,5.889771942419647
seg_bd2b0c,4.546312179171854
seg_bd31bf,6.179524414564924
seg_bd40f2,9.218860866801226
seg_bd4d30,5.805636805595421
seg_bd5022,2.1232465318026894
seg_bd629b,4.600421130834844
seg_bd6f5f,9.530542706766429
seg_bd7109,4.781911426798939
seg_bdae02,10.629107782565272
seg_bdf84b,5.791313434185158
seg_be0cdc,2.5110145603738885
seg_be0dfa,7.426001799804752
seg_be19e2,7.6942992049469705
seg_be30ce,4.8359696629297035
seg_be4612,9.497657475619752
seg_be62ef,7.766068657240268
seg_be65f2,2.9584865530069835
seg_be811d,4.796019660400582
seg_beb650,7.724775090166508
seg_beda44,6.188753155032281
seg_bee792,6.242817846212776
seg_bf1294,2.7321558310205534
seg_bf1430,5.8936842768601005
seg_bf1a72,5.0464082079894705
seg_bf2d1f,9.880655744525665
seg_bf4bf2,2.122410112073338
seg_bf4ec0,6.6151113103095796
seg_bf58ce,7.582944988328275
seg_bf7224,3.034739074868203
seg_bfdd14,2.324561511384011
seg_bfe0b6,10.101149541125192
seg_bff05e,8.885998838568472
seg_bff392,2.5988942794682997
seg_c01a57,2.351036499297303
seg_c01d9a,10.517189961152276
seg_c01f63,7.3079939547294375
seg_c0260d,7.087040507912941
seg_c047b7,4.914306137368865
seg_c05a7d,9.890187470767541
seg_c07b7c,3.9252001983158573
seg_c08d36,5.230471146615249
seg_c09a41,3.9204828813009174
seg_c0c0ed,5.806395776782568
seg_c0d7da,5.064754998625681
seg_c0e1b9,4.3003183213263325
seg_c0ea9f,5.692805184808163
seg_c106ca,3.5271657709317936
seg_c10a58,8.52514491154109
seg_c11828,2.4186048104626567
seg_c11a4f,4.191491621553009
seg_c12d7d,10.344508656573346
seg_c146a8,6.157297712704944
seg_c15d21,8.041944590394937
seg_c17817,2.801058251628586
seg_c179f8,5.571743630125855
seg_c183e4,3.7003443870873562
seg_c186dc,4.810113042906338
seg_c18d5a,5.224198470225206
seg_c1fe9a,4.2780384347697815
seg_c20a27,5.1343191153941685
seg_c20c06,4.601648627378223
seg_c21723,4.400073947561702
seg_c21d60,5.893031862891193
seg_c22bd4,10.009453422230244
seg_c23429,4.967194099709356
seg_c23641,3.802356621578358
seg_c243a6,2.032903305711181
seg_c24946,4.362412333601452
seg_c25855,9.502138317979398
seg_c267a5,3.4207234335985035
seg_c26fb4,3.07619722080593
seg_c27591,4.273709064746412
seg_c2a0c8,3.861272525821281
seg_c2b8f7,4.17891591453627
seg_c3507f,5.629617888577914
seg_c35940,2.4962943387499505
seg_c365de,2.180032430117564
seg_c3836b,4.6092857436141
seg_c3f672,8.551918655464977
seg_c3f8d7,4.476646931470644
seg_c41d1d,4.952921665256687
seg_c42490,3.987539490467827
seg_c42952,6.744971964950655
seg_c44bbc,3.15723141067968
seg_c46ce6,3.3639510657919858
seg_c472cf,8.678405458448708
seg_c47bdc,6.923319329633043
seg_c4af54,4.176981666730485
seg_c5064e,9.33897012991815
seg_c509ff,4.461959609999173
seg_c522f8,7.293167655004728
seg_c5256d,7.1186984957922785
seg_c52ae6,2.337503423211596
seg_c5325c,10.505091796357075
seg_c550b1,10.24299058556567
seg_c565bd,4.801553113536359
seg_c571ef,5.523227039947397
seg_c588c1,9.93892971308415
seg_c58ca5,6.205112908487326
seg_c5abaa,6.996698416530916
seg_c5c455,4.400496535845806
seg_c5c6ea,5.70313618009252
seg_c5dada,4.5652600193744615
seg_c5dee4,2.245709024777106
seg_c5f986,4.746913510950678
seg_c5fc3b,9.258219426162947
seg_c5fc87,5.6897660968680785
seg_c607eb,3.8055679585880204
seg_c60dca,4.517053083473643
seg_c60f1d,2.8005718136322897
seg_c627fc,7.991591593883797
seg_c62a06,3.7193292439131236
seg_c65135,4.393360562145988
seg_c654e7,6.455707102368604
seg_c666dd,5.542762357232347
seg_c671f7,7.449915322344961
seg_c6b514,3.4521106020202588
seg_c6c29f,2.9942828317476744
seg_c6f0a2,3.261371655638358
seg_c6f533,4.4307857806284145
seg_c6f9c2,2.7146174509639955
seg_c703be,7.296244487244263
seg_c70fde,6.960135347498188
seg_c714d0,9.507777807212971
seg_c73df6,3.721821588786483
seg_c747ad,10.134469126164293
seg_c747b4,3.8825605681301325
seg_c7a3bc,2.485672733961878
seg_c7a401,4.402131172960622
seg_c7a579,8.002104700961166
seg_c7b424,9.593103715927924
seg_c80857,1.5717831363498875
seg_c81e10,8.129219623949691
seg_c81fec,5.010518354405242
seg_c8459f,8.590919602798241
seg_c87c24,4.434588347128543
seg_c901c0,5.07864505607275
seg_c90be5,9.706181277432677
seg_c9201c,4.1965732534527795
seg_c9481f,6.763337671602142
seg_c94941,2.0291785176107013
seg_c9831a,2.1168597821986634
seg_c9e533,7.762481537074518
seg_c9f80a,3.733635518234754
seg_ca2d1b,4.200171302457763
seg_ca407b,5.834850313107269
seg_ca44a8,4.541778277563159
seg_ca67ee,4.908470241160155
seg_ca6d70,2.501857506039733
seg_ca8389,3.949206910344027
seg_ca88e3,9.493165604713248
seg_ca9e39,4.521369655826339
seg_caa919,5.740609099650995
seg_cacd0a,5.173248341068009
seg_cacd58,4.497254292133579
seg_cb0e21,9.26100439878948
seg_cb806c,4.701714060653109
seg_cbcce9,6.9192706954790015
seg_cbfb19,7.209640162312593
seg_cc096e,9.741707771511415
seg_cc2c46,5.59759333830289
seg_cc2e9b,4.9256730954197465
seg_cc4199,9.262013850685051
seg_cc4932,9.7307555499823
seg_cc4950,2.2852888996262033
seg_cc667b,4.023154370239868
seg_cc7a19,4.851995948605088
seg_cc7e39,8.31854033811578
seg_ccdc28,4.175819251374676
seg_cd0691,2.5925241149833655
seg_cd2b34,5.6619673006250775
seg_cd2b53,2.122410112073338
seg_cd352f,9.800563368622253
seg_cd43b4,8.746139685308428
seg_cd699e,3.2135023308445256
seg_cd9f9b,7.728848881945147
seg_cdadb5,9.626663167598181
seg_cdf88e,2.261211220244354
seg_ce00bb,5.619223954986074
seg_ce46ba,2.5452858025549445
seg_ce472b,8.340913078027636
seg_ce5520,2.989227297891765
seg_ce5832,4.719867493186838
seg_ce72e2,4.460012403368149
seg_ce7537,3.108768493022787
seg_ce9f59,4.433062549747992
seg_cea185,4.515573434123315
seg_ceab44,7.623376963772195
seg_ceb942,2.8821508982779966
seg_cec2f2,7.0301339019846125
seg_cecd29,6.703738719807684
seg_ced992,2.756188105280227
seg_cedf3e,8.455699814391146
seg_cee7d0,9.839192166677627
seg_cf0e43,5.479512961643611
seg_cf1371,4.77359092510296
seg_cf25d2,4.0919703750069045
seg_cf3825,3.7233169164360342
seg_cf5764,7.524449757252813
seg_cf646e,7.0714831282383726
seg_cf74e8,2.136463592959501
seg_cf9a49,5.324120233876212
seg_cfed24,3.618701049353131
seg_cff594,2.3970855029892233
seg_d014a3,10.286474165303826
seg_d0598e,2.9369641080757365
seg_d062a6,9.783621646936382
seg_d07c62,3.03925215935716
seg_d07ce8,10.170462938896389
seg_d098df,8.235294000112107
seg_d0c280,2.240867709617786
seg_d0c8e2,3.3390578045323123
seg_d0f262,5.670178532106821
seg_d0f803,4.709870445537428
seg_d1045e,9.342795268757449
seg_d11ca8,8.38656459780097
seg_d14524,4.381144976494492
seg_d146a6,4.809420954368607
seg_d16534,7.513977641483299
seg_d19980,8.242236642687187
seg_d1a281,4.315184868342205
seg_d1a2b9,4.707869057125122
seg_d1a8b3,3.011427122392425
seg_d1abaa,10.204016581921454
seg_d1b91e,7.372228643899807
seg_d1ca05,9.844528304822349
seg_d1cb37,10.399431993655941
seg_d1eee8,10.170144565362087
seg_d1fbb8,9.647668930361284
seg_d21066,5.100209135209167
seg_d21eb6,7.698999459887462
seg_d24095,9.40352822976401
seg_d247da,5.993926086980096
seg_d2551a,9.264942536345863
seg_d26f7d,10.105943966089331
seg_d27193,3.4236134871534105
seg_d27812,4.4544849909479804
seg_d29a4b,4.781534601439328
seg_d2a533,6.875555121531105
seg_d2ad9a,2.094505159239481
seg_d2cb02,5.875310934001225
seg_d2db6b,4.7411494146433
seg_d2f588,10.092852844723955
seg_d30a9d,2.102516468374255
seg_d31583,9.18920650737367
seg_d320f5,4.46832366543524
seg_d328bb,3.127231520093191
seg_d32f71,4.861974470694881
seg_d32f8a,5.837171438457107
seg_d35274,4.605473119976569
seg_d356ab,4.412285367588338
seg_d35e50,6.538930338672718
seg_d36055,9.325635276049265
seg_d36342,8.027474407598152
seg_d36681,8.33722702352859
seg_d36737,3.7566162348786953
seg_d37b05,7.452520495704361
seg_d39131,8.322664992901647
seg_d398df,6.298072390424573
seg_d3992e,10.002744647870296
seg_d3bb14,3.87415779443464
seg_d3d8fc,4.2143121174141065
seg_d3f6b0,4.13639952389041
seg_d3f967,4.661716816229708
seg_d40bb2,10.992451705133444
seg_d41daa,8.415870790871912
seg_d42c77,7.559874768605229
seg_d44589,4.172168246984101
seg_d47aba,4.315618168387837
seg_d4c763,5.755798370041612
seg_d4dec8,7.199417754275304
seg_d4ea17,7.714346355335257
seg_d508db,6.128299344046994
seg_d516e3,8.322410217871475
seg_d56ae2,8.200232039760442
seg_d56d32,8.152332103294139
seg_d59e4e,3.8799554487249255
seg_d5b100,4.037710311108183
seg_d5d3a1,5.128985901525885
seg_d5dbc1,4.188672732550284
seg_d5df41,8.111142113346073
seg_d5f344,4.330938850722983
seg_d60d18,4.993372041676343
seg_d62e9c,3.1701867833299593
seg_d63175,6.940734938617268
seg_d661ce,5.006968162866842
seg_d668c0,7.454819193450784
seg_d68930,10.186062988469747
seg_d693b0,9.377969862123653
seg_d6b198,4.606840019381687
seg_d6b386,9.226158651677528
seg_d6b546,7.189764088459446
seg_d6dad6,7.005096312100245
seg_d6ea73,4.107618067738309
seg_d702b2,7.798523316175022
seg_d71352,10.402617725656484
seg_d740b2,10.1508058376429
seg_d753f8,2.740213852473966
seg_d78093,4.145710075713205
seg_d78e7d,2.4668430613389702
seg_d795ab,7.418129053302691
seg_d7967e,9.322455900106416
seg_d7a805,7.304968872686034
seg_d7ab50,4.4155965039686595
seg_d7f015,6.0751715462491775
seg_d7f53a,4.253197983585365
seg_d8014d,5.148230040903945
seg_d83890,4.58586122352908
seg_d85e2e,5.530765772726427
seg_d86eb6,3.179911774338101
seg_d88da7,7.8740308613153545
seg_d89369,2.450119470178019
seg_d90c5f,2.7074977382253964
seg_d91492,7.468157017991578
seg_d9190c,4.307531514333851
seg_d9352b,7.341688561480092
seg_d962cc,10.352210491817898
seg_d9750c,4.9057085157555544
seg_d9a2bb,5.2158197534514645
seg_d9b162,7.3702808515089036
seg_d9bb68,6.893895601491346
seg_d9ce67,2.6317111596283245
seg_d9d0e4,4.730599783216087
seg_d9dab4,10.450624772159046
seg_da21ee,10.295251754238198
seg_da7c3b,8.274952522111882
seg_da80c4,9.875308236080869
seg_da8b88,5.276622067120819
seg_dab0f9,6.147973856113118
seg_dad4f2,7.2435533101825955
seg_db3446,8.190413996186722
seg_db3a95,4.938681341427476
seg_db3fbe,10.390511623070347
seg_db4185,3.7854066961297774
seg_db606c,7.087040507912941
seg_db694a,5.744724810075846
seg_db6d5f,7.235301032370262
seg_db90c0,4.411675526725048
seg_dbbb44,6.113744442055833
seg_dbc615,2.9785825255184952
seg_dbf3f2,2.6731329062710714
seg_dc188b,5.820531932740339
seg_dc1cf0,9.256209674104095
seg_dc23c0,9.08771740483942
seg_dc4698,3.473845007058506
seg_dc5e63,3.373736307711197
seg_dc6e94,4.746243600951795
seg_dc73b8,4.3817224772013565
seg_dc7e0d,2.4519332936109195
seg_dca2c2,10.921278797476063
seg_dcb51d,4.818617233282569
seg_dcbe02,4.672040923965551
seg_dcd9df,2.1767799957108083
seg_dcee28,5.002302819338846
seg_dceeca,4.471351836321585
seg_dcf242,6.7193033103706625
seg_dcfb4b,10.211433399588646
seg_dd0b11,2.8705903342192403
seg_dd4594,5.111484759137981
seg_dd699c,4.204608436732064
seg_dd780d,4.360590854111889
seg_dd8805,7.286307939003639
seg_ddbadc,10.062379910453938
seg_ddc800,9.023250471714828
seg_ddd206,6.987483200463345
seg_ddddf0,4.6819461650876795
seg_de225c,10.576170818605437
seg_de3237,8.596189003704186
seg_de3d5e,4.319407446454651
seg_de4e1d,5.1343952757761855
seg_de8180,2.903794298232844
seg_de98fa,4.640652651669045
seg_de9e32,10.115769040554353
seg_df0df7,8.666706088471456
seg_df352f,3.051366081284539
seg_df45b0,7.469885480970187
seg_df8385,3.5219365532813214
seg_df8e0a,7.434610919877061
seg_df99d4,4.665270491977892
seg_dff078,6.0953032627045065
seg_e00465,8.51330619057001
seg_e051bc,4.655035722719146
seg_e05de2,2.8184550307209255
seg_e067ab,7.272304664510591
seg_e09301,2.3845863581791695
seg_e0c329,4.445922276682009
seg_e0ce38,8.415781416662567
seg_e0cfd4,6.5317373256912505
seg_e0f296,7.6872523845087715
seg_e10d3b,9.56880366961499
seg_e13bd8,5.4950730738869416
seg_e14149,6.710073919239187
seg_e1468f,10.199546757719805
seg_e15cb9,6.70894838149826
seg_e197b8,5.350628417104987
seg_e1a9e0,10.00741956069206
seg_e1daa0,6.367908580440276
seg_e1f045,5.880855890901058
seg_e1f081,8.716318610356494
seg_e20d76,5.4510112171196115
seg_e217fc,4.698471202799873
seg_e2209b,4.758331013603213
seg_e24496,8.105034846642571
seg_e24f69,5.236099168247222
seg_e256bd,3.202274162745627
seg_e25aca,4.221560909631383
seg_e266f4,6.943487754896975
seg_e27c0a,4.319171651510694
seg_e29670,4.199422089340692
seg_e2b8b1,10.32798702343767
seg_e2c82c,4.671351390872035
seg_e3005e,4.499062991443914
seg_e30e44,2.4973677966655545
seg_e30ef5,3.933093190959113
seg_e34052,4.331022569747002
seg_e37b8e,5.721881473408731
seg_e3b1f1,7.334663225298802
seg_e3ca24,8.246660760601106
seg_e3cf1a,5.1166482396207815
seg_e3d751,1.6839427514173075
seg_e3dafa,10.206983052304288
seg_e3e762,8.643271100738
seg_e40348,6.917916626036477
seg_e405fe,4.589694837763018
seg_e40d64,7.92899664286647
seg_e41fc9,4.924668900127749
seg_e47d2b,3.8838585418573772
seg_e481c7,7.076696117512299
seg_e48c23,7.806064637257937
seg_e49750,5.420120919616812
seg_e4c15a,6.054386114503306
seg_e4f203,5.186788121717165
seg_e4f403,5.008972491213116
seg_e50f16,10.336986898928778
seg_e52f8c,5.155633053509917
seg_e53a52,5.193073226142458
seg_e54932,8.190363731920426
seg_e5750a,10.077639657806639
seg_e59dca,8.325544959254769
seg_e5b510,3.5605056186099064
seg_e5c033,6.940619062927112
seg_e5deec,4.7992502613624355
seg_e5e238,4.668373710169574
seg_e5f9ec,7.796573259084944
seg_e5fbc1,2.049733165509233
seg_e60719,8.923462104057831
seg_e6307f,8.256984800020074
seg_e64dfa,6.582301328098085
seg_e65e69,4.201705605591675
seg_e66697,5.639084078126677
seg_e6b236,7.645234557830079
seg_e6bd3f,4.883761669688671
seg_e6c973,7.417397302763284
seg_e6e1df,3.88463385261973
seg_e6e24e,7.130015547735996
seg_e71dda,6.111646264174649
seg_e72f10,7.822189882465423
seg_e742dc,9.395042298486883
seg_e76e6e,3.4820854840592275
seg_e7ac12,4.864648424981378
seg_e7ced6,8.073624394734544
seg_e7d1f8,4.648903835703747
seg_e7d3e7,7.7298662972516325
seg_e80726,4.689406529649746
seg_e81b50,4.3847113261766
seg_e8385f,9.790220410420135
seg_e85f55,2.2402944295826637
seg_e86e44,4.518173109638302
seg_e86ed1,10.47372617102839
seg_e86f77,4.892806502911016
seg_e877a5,5.382826903558695
seg_e8a2c4,6.004545048071578
seg_e8a4f4,5.8490234802721215
seg_e8ac98,2.852060330008837
seg_e8ad6b,4.92433706095319
seg_e8b2b3,7.446198068057283
seg_e8bcde,3.407174659678353
seg_e8ce6a,3.070554486562768
seg_e8d02f,4.110485418229578
seg_e90c0d,5.341025436982287
seg_e92526,4.560790569010292
seg_e9272e,5.172990300822066
seg_e96140,4.940469437618302
seg_e98217,4.4534345868445175
seg_e9a09f,4.732045477169306
seg_e9aa44,9.686272695867695
seg_e9df42,8.201096011142464
seg_e9e65b,6.91174990238046
seg_ea0091,4.554962515533207
seg_ea05c1,9.512054443141391
seg_ea096b,10.261730314165613
seg_ea098b,8.818576953250332
seg_ea4d3a,7.787542827794494
seg_ea78c0,6.356793442929563
seg_ea8270,10.225908953792915
seg_ea9d37,3.692741684519894
seg_ea9fa4,10.708366970198155
seg_eaa0ec,7.545472927977231
seg_eabb2c,9.9183982364232
seg_eacccf,4.736367680219063
seg_ead30e,4.863320762310068
seg_eb0b19,10.031666214372894
seg_eb1d6e,3.408751125916163
seg_eb2e11,6.2585513212901684
seg_eb32bc,2.5974846321608673
seg_eb47a9,3.0288431576905865
seg_eb692c,10.499521017491587
seg_eb7595,5.183023749697584
seg_eb7f91,5.474537607399736
seg_eba22d,9.045323051221473
seg_ebb79f,6.544423197006978
seg_ebd77b,10.364458947650693
seg_ebe36c,5.479704291058942
seg_ebec3e,2.9099984700466113
seg_ec0e7b,7.141223526066325
seg_ec4645,5.434010327280667
seg_ec73d5,3.6310220175308117
seg_ec973c,10.242071164629568
seg_eca2eb,5.194540013130085
seg_ecaef0,7.138800494763378
seg_eccb17,2.0457305700593804
seg_ecdca4,4.841695504128123
seg_ecf28d,7.030534429872249
seg_ecf81b,8.127174411781484
seg_ed07b0,4.763256347307765
seg_ed3e4c,7.420557163762713
seg_ed52ac,9.245807793224829
seg_ed7741,8.887090423001265
seg_ed7dee,5.607556619202274
seg_ed7f69,3.29028636737527
seg_edda79,7.141982870759703
seg_edecaa,5.651889176874612
seg_ee1cfc,4.577101963038148
seg_ee2781,9.351539280018784
seg_ee4479,3.668773699531903
seg_ee4ae5,4.215576288493387
seg_ee7224,3.0226214482573366
seg_ee87e2,4.470886567740338
seg_ee8f87,5.6316657343245575
seg_eea20e,8.086727974816139
seg_eebbc2,5.172036809986698
seg_eee89d,3.0941308148233775
seg_eefd4a,2.697816434747818
seg_ef24bd,5.5270687343521425
seg_ef27c8,2.5692085550552175
seg_ef47c4,9.419299845982902
seg_ef644a,6.265661130935124
seg_ef660a,8.61698633839254
seg_ef74dc,6.699278177470314
seg_ef779d,5.010942725569033
seg_ef9105,10.187242327036879
seg_efb639,7.881997163812552
seg_efbf3e,6.511773946255294
seg_efc5fb,9.726834214421178
seg_efd9ec,9.12184960055004
seg_f003ca,7.397320264424659
seg_f01368,6.327307450218719
seg_f0181d,4.844679086876246
seg_f02d32,6.769155790228214
seg_f056d8,4.702252784867587
seg_f0574b,5.343915050705717
seg_f073e2,5.215122503143246
seg_f0ce4a,4.395950477478255
seg_f0cedb,7.931729226993399
seg_f0d278,2.608023343205294
seg_f0db55,3.87291704110607
seg_f11620,4.738371937505969
seg_f11f77,5.347086921606399
seg_f165f6,2.361200513174746
seg_f19f8e,8.521044599129016
seg_f1a771,4.658914139217513
seg_f1b916,2.8704619956460364
seg_f1f5b9,3.5300960386215268
seg_f21a22,3.343082935246696
seg_f21bf4,5.826662116547084
seg_f22163,10.432295275221518
seg_f229bf,6.567537084606094
seg_f24292,4.946107849798722
seg_f2750c,6.781471679119205
seg_f2a20d,4.342311667823493
seg_f2ae5e,5.919677053055462
seg_f2b0c5,2.7183410939611163
seg_f2cb5e,4.442262872035068
seg_f2f5a3,2.2230238299274028
seg_f3063a,6.4169263007404655
seg_f30b2f,6.813994777286117
seg_f30f0c,7.761356694140841
seg_f322b1,7.013186123072716
seg_f342a3,3.871516924217558
seg_f34877,7.785422785051658
seg_f383fb,5.516472044386683
seg_f3c578,4.593114396597478
seg_f43730,7.301133720093428
seg_f43ab6,2.0393438204553545
seg_f455bc,9.649548541564736
seg_f46cc1,3.1230813671912614
seg_f48363,3.8337264029368945
seg_f48db9,3.8017756572656998
seg_f4ad4b,4.295067869473754
seg_f4d644,2.486843188209577
seg_f52cdc,10.8027364524681
seg_f5406b,5.1402276764316195
seg_f579ba,4.3913189909868535
seg_f57ca1,9.83638460388556
seg_f59974,8.725662368828813
seg_f5a4ee,11.365279493564492
seg_f5a6ab,7.554941131154216
seg_f5d2dd,9.440017793491608
seg_f5e682,4.561031343795212
seg_f60872,6.7057959395528615
seg_f618a8,8.728151458244234
seg_f61b0e,6.942185392881908
seg_f639cd,10.415826418411257
seg_f639ec,5.602435942569557
seg_f650cc,4.411747705432591
seg_f6659e,3.334001278899181
seg_f66db1,7.810565483250516
seg_f679c6,8.17410237692678
seg_f67ce2,2.6759928286409034
seg_f6828d,2.0865196457299127
seg_f69c38,3.9284475509451284
seg_f6a217,3.2711165043347408
seg_f6abc5,9.640164565597019
seg_f6b70c,7.642427236771172
seg_f6bae8,5.7702328260677715
seg_f6c0cb,3.191496320074686
seg_f6c928,7.935312734494742
seg_f6cfd4,7.7591770542940255
seg_f6d51b,2.137412992198096
seg_f6e1ca,4.936562675132708
seg_f6e89f,7.845483185588587
seg_f6f523,4.081398640876559
seg_f6f683,5.529814980728216
seg_f7050a,3.399949903904273
seg_f70b66,5.940289776570549
seg_f71db8,6.592463262383589
seg_f7290f,4.651926498908789
seg_f734c8,8.846481954935102
seg_f741af,3.692885992611461
seg_f77ee5,9.945990417635922
seg_f7d792,2.197609166469399
seg_f7de40,9.186022947060794
seg_f80e44,5.755345302624196
seg_f83d28,3.537804813287501
seg_f865be,2.747528457499471
seg_f86c41,5.08718874151999
seg_f88d4a,3.840681721795435
seg_f8db0a,4.054110012845489
seg_f8dd7e,5.5003837437927405
seg_f931de,4.456969059029976
seg_f93ce5,4.702712343517489
seg_f95fd3,8.103117710212784
seg_f96d0e,3.3776165252009287
seg_f96d5a,7.433804490948643
seg_f97274,3.2488560011497443
seg_f99b64,7.230698849812851
seg_f9e4f2,10.335682785477657
seg_f9eea3,5.915694854219277
seg_fa0ac7,6.960356341020426
seg_fa34c7,7.91085677703988
seg_fa488e,4.5669327089281
seg_fa4df0,3.9040214446219954
seg_fa6383,7.536956401869695
seg_fa796b,4.517702980625026
seg_fa9f00,4.683106555909367
seg_fad815,4.033260477767191
seg_fb00b3,10.024836602905971
seg_fb11ba,6.552448521387875
seg_fb1f5c,9.841721229357145
seg_fb4c26,5.374720364239801
seg_fb74f0,7.519521564263547
seg_fb76ca,6.590891370399322
seg_fb8af5,4.099107424003531
seg_fb9491,3.767494008625056
seg_fb9b2e,8.091196133340336
seg_fbce13,4.373455855332258
seg_fbd66b,5.248127715251412
seg_fbddb9,9.990815046289645
seg_fbe3c2,6.026167572233545
seg_fbf17a,8.957577869258966
seg_fbff25,2.64162739766176
seg_fc407c,5.119670684234787
seg_fc57d4,2.2623447068988902
seg_fc8fd6,2.1932494912743756
seg_fcb7d0,10.052803794112787
seg_fcca66,4.221198683871273
seg_fcd32e,6.694635827842518
seg_fd19b8,9.464008095470088
seg_fd374e,5.730119757120627
seg_fd6340,5.583821017209291
seg_fd8add,7.398380023055968
seg_fd9ac1,4.408923602829272
seg_fdba93,3.7516372098281514
seg_fdc1d4,4.950655896265694
seg_fdd50e,4.108184393791407
seg_fde767,6.189027866531104
seg_fde86d,7.4681828316034515
seg_fdff11,3.44479279539219
seg_fe2aac,5.031562452646833
seg_fe5945,3.3199596659727453
seg_fe70c0,7.48236439957572
seg_fe73b1,9.19602790458882
seg_fe86f5,5.247613000656516
seg_fea3e2,8.89500916541703
seg_feb312,7.303273728005182
seg_fedbd1,8.309810748516682
seg_ff0f1b,4.67040382691061
seg_ff1a62,8.262381803292836
seg_ff2f2d,6.554578600732168
seg_ff4236,5.2787670506444755
seg_ff7478,6.678463480392422
seg_ff79d9,4.447359767021159
seg_ffbd6a,2.0815246431899546
seg_ffe7cc,9.609466932429836
